intake_key;axis;inner_effect_state;mcm_preview_symbol;seen_count;total_events;max_world_count;dominant_signature_label;intake_memory_quality;maturity_note;avg_recoupling_balance;avg_balance_stdev;avg_rekopplung_quality;avg_strain_quality;avg_carry_quality;avg_field_intake_pressure;label_profile;world_profile;sources;caution_note
hoeren_hin|inner_effect_stable|dio_mcm_episode_0e7qvj1;hoeren_hin;inner_effect_stable;dio_mcm_episode_0e7qvj1;1;418;1;einzelspur;young_intake_trace;single_observation;0.567319;0.0;0.717611;0.134369;0.545582;0.063694;einzelspur:1;KAS2024_15M:1;482_KAS2024_15M_SINNESAUFNAHME_WIEDERERKENNUNG.csv:1;passive_not_actionable
sehen_fokus|inner_effect_stable|dio_mcm_episode_0e7qvj1;sehen_fokus;inner_effect_stable;dio_mcm_episode_0e7qvj1;1;390;1;einzelspur;young_intake_trace;single_observation;0.540889;0.0;0.709884;0.141826;0.529233;0.108675;einzelspur:1;KAS2024_15M:1;482_KAS2024_15M_SINNESAUFNAHME_WIEDERERKENNUNG.csv:1;passive_not_actionable
sehen_abstand|inner_effect_stable|dio_mcm_episode_0e7qvj1;sehen_abstand;inner_effect_stable;dio_mcm_episode_0e7qvj1;1;198;1;einzelspur;young_intake_trace;single_observation;0.513734;0.0;0.699792;0.15728;0.527194;0.115115;einzelspur:1;KAS2024_15M:1;482_KAS2024_15M_SINNESAUFNAHME_WIEDERERKENNUNG.csv:1;passive_not_actionable
ausgeglichen|inner_effect_stable|dio_mcm_episode_0e7qvj1;ausgeglichen;inner_effect_stable;dio_mcm_episode_0e7qvj1;1;127;1;einzelspur;young_intake_trace;single_observation;0.524866;0.0;0.711535;0.156304;0.550837;0.12146;einzelspur:1;KAS2024_15M:1;482_KAS2024_15M_SINNESAUFNAHME_WIEDERERKENNUNG.csv:1;passive_not_actionable
sehen_abstand|inner_effect_carried_unrest|dio_mcm_episode_0e7qvj1;sehen_abstand;inner_effect_carried_unrest;dio_mcm_episode_0e7qvj1;1;127;1;einzelspur;young_intake_trace;single_observation;0.440685;0.0;0.664619;0.189206;0.477739;0.138914;einzelspur:1;KAS2024_15M:1;482_KAS2024_15M_SINNESAUFNAHME_WIEDERERKENNUNG.csv:1;passive_not_actionable
hoeren_leise|inner_effect_stable|dio_mcm_episode_0e7qvj1;hoeren_leise;inner_effect_stable;dio_mcm_episode_0e7qvj1;1;117;1;einzelspur;young_intake_trace;single_observation;0.468324;0.0;0.68691;0.171561;0.498164;0.188099;einzelspur:1;KAS2024_15M:1;482_KAS2024_15M_SINNESAUFNAHME_WIEDERERKENNUNG.csv:1;passive_not_actionable
feldinput|inner_effect_stable|dio_mcm_episode_0e7qvj1;feldinput;inner_effect_stable;dio_mcm_episode_0e7qvj1;1;102;1;einzelspur;contact_loaded_intake;single_observation;0.451658;0.0;0.681005;0.178157;0.488938;0.204758;einzelspur:1;KAS2024_15M:1;482_KAS2024_15M_SINNESAUFNAHME_WIEDERERKENNUNG.csv:1;passive_not_actionable
feldinput|inner_effect_carried_unrest|dio_mcm_episode_0e7qvj1;feldinput;inner_effect_carried_unrest;dio_mcm_episode_0e7qvj1;1;62;1;einzelspur;contact_loaded_intake;single_observation;0.331746;0.0;0.635625;0.230379;0.427554;0.294002;einzelspur:1;KAS2024_15M:1;482_KAS2024_15M_SINNESAUFNAHME_WIEDERERKENNUNG.csv:1;passive_not_actionable
hoeren_hin|inner_effect_stable|dio_mcm_episode_1jx2k4i;hoeren_hin;inner_effect_stable;dio_mcm_episode_1jx2k4i;1;60;1;einzelspur;young_intake_trace;single_observation;0.557599;0.0;0.705899;0.132577;0.511343;0.062891;einzelspur:1;KAS2024_15M:1;482_KAS2024_15M_SINNESAUFNAHME_WIEDERERKENNUNG.csv:1;passive_not_actionable
hoeren_leise|inner_effect_carried_unrest|dio_mcm_episode_0e7qvj1;hoeren_leise;inner_effect_carried_unrest;dio_mcm_episode_0e7qvj1;1;54;1;einzelspur;contact_loaded_intake;single_observation;0.400141;0.0;0.657626;0.204634;0.464126;0.211403;einzelspur:1;KAS2024_15M:1;482_KAS2024_15M_SINNESAUFNAHME_WIEDERERKENNUNG.csv:1;passive_not_actionable
sehen_fokus|inner_effect_stable|dio_mcm_episode_1jx2k4i;sehen_fokus;inner_effect_stable;dio_mcm_episode_1jx2k4i;1;46;1;einzelspur;young_intake_trace;single_observation;0.527238;0.0;0.697464;0.144137;0.495042;0.104354;einzelspur:1;KAS2024_15M:1;482_KAS2024_15M_SINNESAUFNAHME_WIEDERERKENNUNG.csv:1;passive_not_actionable
fuehlen_abstand|inner_effect_carried_unrest|dio_mcm_episode_0e7qvj1;fuehlen_abstand;inner_effect_carried_unrest;dio_mcm_episode_0e7qvj1;1;32;1;einzelspur;contact_loaded_intake;single_observation;0.349627;0.0;0.633716;0.225092;0.427414;0.235987;einzelspur:1;KAS2024_15M:1;482_KAS2024_15M_SINNESAUFNAHME_WIEDERERKENNUNG.csv:1;passive_not_actionable
feldinput|inner_effect_stable|dio_mcm_episode_1jx2k4i;feldinput;inner_effect_stable;dio_mcm_episode_1jx2k4i;1;17;1;einzelspur;contact_loaded_intake;single_observation;0.420477;0.0;0.66243;0.189588;0.450632;0.209456;einzelspur:1;KAS2024_15M:1;482_KAS2024_15M_SINNESAUFNAHME_WIEDERERKENNUNG.csv:1;passive_not_actionable
sehen_abstand|inner_effect_stable|dio_mcm_episode_1jx2k4i;sehen_abstand;inner_effect_stable;dio_mcm_episode_1jx2k4i;1;17;1;einzelspur;young_intake_trace;single_observation;0.481202;0.0;0.6762;0.166148;0.469406;0.1154;einzelspur:1;KAS2024_15M:1;482_KAS2024_15M_SINNESAUFNAHME_WIEDERERKENNUNG.csv:1;passive_not_actionable
feldinput|inner_effect_carried_unrest|dio_mcm_episode_1jx2k4i;feldinput;inner_effect_carried_unrest;dio_mcm_episode_1jx2k4i;1;12;1;einzelspur;contact_loaded_intake;single_observation;0.285159;0.0;0.615813;0.25145;0.384614;0.316818;einzelspur:1;KAS2024_15M:1;482_KAS2024_15M_SINNESAUFNAHME_WIEDERERKENNUNG.csv:1;passive_not_actionable
fuehlen_abstand|inner_effect_stable|dio_mcm_episode_0e7qvj1;fuehlen_abstand;inner_effect_stable;dio_mcm_episode_0e7qvj1;1;12;1;einzelspur;young_intake_trace;single_observation;0.463764;0.0;0.672046;0.167966;0.465891;0.161263;einzelspur:1;KAS2024_15M:1;482_KAS2024_15M_SINNESAUFNAHME_WIEDERERKENNUNG.csv:1;passive_not_actionable
sehen_fokus|inner_effect_stable|dio_mcm_episode_0mji3u6;sehen_fokus;inner_effect_stable;dio_mcm_episode_0mji3u6;1;11;1;einzelspur;young_intake_trace;single_observation;0.520645;0.0;0.694283;0.145222;0.489397;0.113665;einzelspur:1;KAS2024_15M:1;482_KAS2024_15M_SINNESAUFNAHME_WIEDERERKENNUNG.csv:1;passive_not_actionable
sehen_abstand|inner_effect_carried_unrest|dio_mcm_episode_1jx2k4i;sehen_abstand;inner_effect_carried_unrest;dio_mcm_episode_1jx2k4i;1;10;1;einzelspur;young_intake_trace;single_observation;0.444153;0.0;0.655865;0.183762;0.443671;0.111799;einzelspur:1;KAS2024_15M:1;482_KAS2024_15M_SINNESAUFNAHME_WIEDERERKENNUNG.csv:1;passive_not_actionable
ausgeglichen|inner_effect_stable|dio_mcm_episode_1jx2k4i;ausgeglichen;inner_effect_stable;dio_mcm_episode_1jx2k4i;1;9;1;einzelspur;young_intake_trace;single_observation;0.527283;0.0;0.703896;0.146797;0.51928;0.119268;einzelspur:1;KAS2024_15M:1;482_KAS2024_15M_SINNESAUFNAHME_WIEDERERKENNUNG.csv:1;passive_not_actionable
feldinput|inner_effect_tipping|dio_mcm_episode_0e7qvj1;feldinput;inner_effect_tipping;dio_mcm_episode_0e7qvj1;1;8;1;einzelspur;contact_loaded_intake;single_observation;0.161572;0.0;0.577529;0.306275;0.349816;0.438729;einzelspur:1;KAS2024_15M:1;482_KAS2024_15M_SINNESAUFNAHME_WIEDERERKENNUNG.csv:1;passive_not_actionable
hoeren_leise|inner_effect_carried_unrest|dio_mcm_episode_1jx2k4i;hoeren_leise;inner_effect_carried_unrest;dio_mcm_episode_1jx2k4i;1;8;1;einzelspur;young_intake_trace;single_observation;0.399258;0.0;0.652779;0.205512;0.451798;0.192038;einzelspur:1;KAS2024_15M:1;482_KAS2024_15M_SINNESAUFNAHME_WIEDERERKENNUNG.csv:1;passive_not_actionable
sehen_abstand|inner_effect_carried_unrest|dio_mcm_episode_0mji3u6;sehen_abstand;inner_effect_carried_unrest;dio_mcm_episode_0mji3u6;1;8;1;einzelspur;young_intake_trace;single_observation;0.427648;0.0;0.654055;0.196031;0.460202;0.121505;einzelspur:1;KAS2024_15M:1;482_KAS2024_15M_SINNESAUFNAHME_WIEDERERKENNUNG.csv:1;passive_not_actionable
hoeren_hin|inner_effect_stable|dio_mcm_episode_0mji3u6;hoeren_hin;inner_effect_stable;dio_mcm_episode_0mji3u6;1;7;1;einzelspur;young_intake_trace;single_observation;0.547864;0.0;0.702514;0.137661;0.508963;0.067955;einzelspur:1;KAS2024_15M:1;482_KAS2024_15M_SINNESAUFNAHME_WIEDERERKENNUNG.csv:1;passive_not_actionable
hoeren_leise|inner_effect_stable|dio_mcm_episode_1jx2k4i;hoeren_leise;inner_effect_stable;dio_mcm_episode_1jx2k4i;1;7;1;einzelspur;contact_loaded_intake;single_observation;0.419876;0.0;0.660035;0.189925;0.445388;0.200937;einzelspur:1;KAS2024_15M:1;482_KAS2024_15M_SINNESAUFNAHME_WIEDERERKENNUNG.csv:1;passive_not_actionable
sehen_abstand|inner_effect_stable|dio_mcm_episode_0mji3u6;sehen_abstand;inner_effect_stable;dio_mcm_episode_0mji3u6;1;7;1;einzelspur;young_intake_trace;single_observation;0.479501;0.0;0.676884;0.164296;0.473031;0.132348;einzelspur:1;KAS2024_15M:1;482_KAS2024_15M_SINNESAUFNAHME_WIEDERERKENNUNG.csv:1;passive_not_actionable
fuehlen_abstand|inner_effect_tipping|dio_mcm_episode_0e7qvj1;fuehlen_abstand;inner_effect_tipping;dio_mcm_episode_0e7qvj1;1;6;1;einzelspur;contact_loaded_intake;single_observation;0.192535;0.0;0.583233;0.293438;0.363115;0.389041;einzelspur:1;KAS2024_15M:1;482_KAS2024_15M_SINNESAUFNAHME_WIEDERERKENNUNG.csv:1;passive_not_actionable
hoeren_hin|inner_effect_stable|dio_mcm_episode_17i4j9o;hoeren_hin;inner_effect_stable;dio_mcm_episode_17i4j9o;1;5;1;einzelspur;young_intake_trace;single_observation;0.504701;0.0;0.67598;0.153357;0.448182;0.071688;einzelspur:1;KAS2024_15M:1;482_KAS2024_15M_SINNESAUFNAHME_WIEDERERKENNUNG.csv:1;passive_not_actionable
sehen_abstand|inner_effect_stable|dio_mcm_episode_17i4j9o;sehen_abstand;inner_effect_stable;dio_mcm_episode_17i4j9o;1;5;1;einzelspur;young_intake_trace;single_observation;0.472476;0.0;0.669882;0.168387;0.453796;0.116075;einzelspur:1;KAS2024_15M:1;482_KAS2024_15M_SINNESAUFNAHME_WIEDERERKENNUNG.csv:1;passive_not_actionable
ausgeglichen|inner_effect_carried_unrest|dio_mcm_episode_0e7qvj1;ausgeglichen;inner_effect_carried_unrest;dio_mcm_episode_0e7qvj1;1;4;1;einzelspur;young_intake_trace;single_observation;0.487687;0.0;0.69123;0.171435;0.523368;0.128431;einzelspur:1;KAS2024_15M:1;482_KAS2024_15M_SINNESAUFNAHME_WIEDERERKENNUNG.csv:1;passive_not_actionable
hoeren_hin|inner_effect_carried_unrest|dio_mcm_episode_0e7qvj1;hoeren_hin;inner_effect_carried_unrest;dio_mcm_episode_0e7qvj1;1;4;1;einzelspur;young_intake_trace;single_observation;0.513247;0.0;0.697598;0.162908;0.537593;0.085772;einzelspur:1;KAS2024_15M:1;482_KAS2024_15M_SINNESAUFNAHME_WIEDERERKENNUNG.csv:1;passive_not_actionable
sehen_fokus|inner_effect_carried_unrest|dio_mcm_episode_0e7qvj1;sehen_fokus;inner_effect_carried_unrest;dio_mcm_episode_0e7qvj1;1;4;1;einzelspur;young_intake_trace;single_observation;0.483677;0.0;0.692004;0.174161;0.529387;0.136665;einzelspur:1;KAS2024_15M:1;482_KAS2024_15M_SINNESAUFNAHME_WIEDERERKENNUNG.csv:1;passive_not_actionable
sehen_fokus|inner_effect_stable|dio_mcm_episode_17i4j9o;sehen_fokus;inner_effect_stable;dio_mcm_episode_17i4j9o;1;4;1;einzelspur;young_intake_trace;single_observation;0.489609;0.0;0.675531;0.160565;0.455536;0.101427;einzelspur:1;KAS2024_15M:1;482_KAS2024_15M_SINNESAUFNAHME_WIEDERERKENNUNG.csv:1;passive_not_actionable
hoeren_leise|inner_effect_stable|dio_mcm_episode_0mji3u6;hoeren_leise;inner_effect_stable;dio_mcm_episode_0mji3u6;1;3;1;einzelspur;contact_loaded_intake;single_observation;0.418002;0.0;0.658067;0.186977;0.435263;0.212349;einzelspur:1;KAS2024_15M:1;482_KAS2024_15M_SINNESAUFNAHME_WIEDERERKENNUNG.csv:1;passive_not_actionable
sehen_fokus|inner_effect_stable|dio_mcm_episode_1ahj81f;sehen_fokus;inner_effect_stable;dio_mcm_episode_1ahj81f;1;3;1;einzelspur;young_intake_trace;single_observation;0.528276;0.0;0.693364;0.140966;0.480442;0.096488;einzelspur:1;KAS2024_15M:1;482_KAS2024_15M_SINNESAUFNAHME_WIEDERERKENNUNG.csv:1;passive_not_actionable
ausgeglichen|inner_effect_stable|dio_mcm_episode_17i4j9o;ausgeglichen;inner_effect_stable;dio_mcm_episode_17i4j9o;1;2;1;einzelspur;young_intake_trace;single_observation;0.477711;0.0;0.66778;0.16533;0.439509;0.098959;einzelspur:1;KAS2024_15M:1;482_KAS2024_15M_SINNESAUFNAHME_WIEDERERKENNUNG.csv:1;passive_not_actionable
feldinput|inner_effect_stable|dio_mcm_episode_0mji3u6;feldinput;inner_effect_stable;dio_mcm_episode_0mji3u6;1;2;1;einzelspur;contact_loaded_intake;single_observation;0.418342;0.0;0.65966;0.189082;0.442002;0.208945;einzelspur:1;KAS2024_15M:1;482_KAS2024_15M_SINNESAUFNAHME_WIEDERERKENNUNG.csv:1;passive_not_actionable
fuehlen_abstand|inner_effect_carried_unrest|dio_mcm_episode_1jx2k4i;fuehlen_abstand;inner_effect_carried_unrest;dio_mcm_episode_1jx2k4i;1;2;1;einzelspur;young_intake_trace;single_observation;0.348608;0.0;0.622416;0.229051;0.401734;0.179026;einzelspur:1;KAS2024_15M:1;482_KAS2024_15M_SINNESAUFNAHME_WIEDERERKENNUNG.csv:1;passive_not_actionable
hoeren_hin|inner_effect_carried_unrest|dio_mcm_episode_1jx2k4i;hoeren_hin;inner_effect_carried_unrest;dio_mcm_episode_1jx2k4i;1;2;1;einzelspur;young_intake_trace;single_observation;0.488493;0.0;0.668713;0.164555;0.458502;0.06266;einzelspur:1;KAS2024_15M:1;482_KAS2024_15M_SINNESAUFNAHME_WIEDERERKENNUNG.csv:1;passive_not_actionable
hoeren_hin|inner_effect_stable|dio_mcm_episode_1ahj81f;hoeren_hin;inner_effect_stable;dio_mcm_episode_1ahj81f;1;2;1;einzelspur;young_intake_trace;single_observation;0.536994;0.0;0.695129;0.13965;0.484683;0.073937;einzelspur:1;KAS2024_15M:1;482_KAS2024_15M_SINNESAUFNAHME_WIEDERERKENNUNG.csv:1;passive_not_actionable
hoeren_hin|inner_effect_stable|dio_mcm_episode_1rylps5;hoeren_hin;inner_effect_stable;dio_mcm_episode_1rylps5;1;2;1;einzelspur;young_intake_trace;single_observation;0.53771;0.0;0.697911;0.142657;0.509869;0.070172;einzelspur:1;KAS2024_15M:1;482_KAS2024_15M_SINNESAUFNAHME_WIEDERERKENNUNG.csv:1;passive_not_actionable
sehen_abstand|inner_effect_carried_unrest|dio_mcm_episode_01yulb6;sehen_abstand;inner_effect_carried_unrest;dio_mcm_episode_01yulb6;1;2;1;einzelspur;young_intake_trace;single_observation;0.440356;0.0;0.658292;0.185457;0.460929;0.129916;einzelspur:1;KAS2024_15M:1;482_KAS2024_15M_SINNESAUFNAHME_WIEDERERKENNUNG.csv:1;passive_not_actionable
sehen_abstand|inner_effect_carried_unrest|dio_mcm_episode_03hr8bf;sehen_abstand;inner_effect_carried_unrest;dio_mcm_episode_03hr8bf;1;2;1;einzelspur;young_intake_trace;single_observation;0.434964;0.0;0.65178;0.191604;0.450843;0.100849;einzelspur:1;KAS2024_15M:1;482_KAS2024_15M_SINNESAUFNAHME_WIEDERERKENNUNG.csv:1;passive_not_actionable
sehen_abstand|inner_effect_carried_unrest|dio_mcm_episode_1rylps5;sehen_abstand;inner_effect_carried_unrest;dio_mcm_episode_1rylps5;1;2;1;einzelspur;young_intake_trace;single_observation;0.435167;0.0;0.656671;0.1881;0.451782;0.13362;einzelspur:1;KAS2024_15M:1;482_KAS2024_15M_SINNESAUFNAHME_WIEDERERKENNUNG.csv:1;passive_not_actionable
sehen_fokus|inner_effect_stable|dio_mcm_episode_03hr8bf;sehen_fokus;inner_effect_stable;dio_mcm_episode_03hr8bf;1;2;1;einzelspur;young_intake_trace;single_observation;0.446368;0.0;0.660938;0.176741;0.438068;0.151318;einzelspur:1;KAS2024_15M:1;482_KAS2024_15M_SINNESAUFNAHME_WIEDERERKENNUNG.csv:1;passive_not_actionable
sehen_fokus|inner_effect_stable|dio_mcm_episode_1al8fjz;sehen_fokus;inner_effect_stable;dio_mcm_episode_1al8fjz;1;2;1;einzelspur;young_intake_trace;single_observation;0.50775;0.0;0.681542;0.150219;0.452952;0.094293;einzelspur:1;KAS2024_15M:1;482_KAS2024_15M_SINNESAUFNAHME_WIEDERERKENNUNG.csv:1;passive_not_actionable
sehen_fokus|inner_effect_stable|dio_mcm_episode_1u741ze;sehen_fokus;inner_effect_stable;dio_mcm_episode_1u741ze;1;2;1;einzelspur;young_intake_trace;single_observation;0.486641;0.0;0.674642;0.159401;0.449248;0.114403;einzelspur:1;KAS2024_15M:1;482_KAS2024_15M_SINNESAUFNAHME_WIEDERERKENNUNG.csv:1;passive_not_actionable
sehen_fokus|inner_effect_stable|dio_mcm_episode_1y26981;sehen_fokus;inner_effect_stable;dio_mcm_episode_1y26981;1;2;1;einzelspur;young_intake_trace;single_observation;0.549913;0.0;0.69916;0.129813;0.484815;0.077739;einzelspur:1;KAS2024_15M:1;482_KAS2024_15M_SINNESAUFNAHME_WIEDERERKENNUNG.csv:1;passive_not_actionable
ausgeglichen|inner_effect_carried_unrest|dio_mcm_episode_1jx2k4i;ausgeglichen;inner_effect_carried_unrest;dio_mcm_episode_1jx2k4i;1;1;1;einzelspur;young_intake_trace;single_observation;0.488475;0.0;0.697496;0.173019;0.539519;0.144007;einzelspur:1;KAS2024_15M:1;482_KAS2024_15M_SINNESAUFNAHME_WIEDERERKENNUNG.csv:1;passive_not_actionable
ausgeglichen|inner_effect_carried_unrest|dio_mcm_episode_1rylps5;ausgeglichen;inner_effect_carried_unrest;dio_mcm_episode_1rylps5;1;1;1;einzelspur;young_intake_trace;single_observation;0.440654;0.0;0.663601;0.183993;0.463765;0.155817;einzelspur:1;KAS2024_15M:1;482_KAS2024_15M_SINNESAUFNAHME_WIEDERERKENNUNG.csv:1;passive_not_actionable
ausgeglichen|inner_effect_stable|dio_mcm_episode_1ahj81f;ausgeglichen;inner_effect_stable;dio_mcm_episode_1ahj81f;1;1;1;einzelspur;young_intake_trace;single_observation;0.504475;0.0;0.694066;0.155402;0.502742;0.136757;einzelspur:1;KAS2024_15M:1;482_KAS2024_15M_SINNESAUFNAHME_WIEDERERKENNUNG.csv:1;passive_not_actionable
ausgeglichen|inner_effect_stable|dio_mcm_episode_1rylps5;ausgeglichen;inner_effect_stable;dio_mcm_episode_1rylps5;1;1;1;einzelspur;young_intake_trace;single_observation;0.528624;0.0;0.708901;0.153787;0.542426;0.10596;einzelspur:1;KAS2024_15M:1;482_KAS2024_15M_SINNESAUFNAHME_WIEDERERKENNUNG.csv:1;passive_not_actionable
feldinput|inner_effect_carried_unrest|dio_mcm_episode_0v93uai;feldinput;inner_effect_carried_unrest;dio_mcm_episode_0v93uai;1;1;1;einzelspur;young_intake_trace;single_observation;0.380755;0.0;0.639379;0.21052;0.415535;0.192416;einzelspur:1;KAS2024_15M:1;482_KAS2024_15M_SINNESAUFNAHME_WIEDERERKENNUNG.csv:1;passive_not_actionable
feldinput|inner_effect_carried_unrest|dio_mcm_episode_1rylps5;feldinput;inner_effect_carried_unrest;dio_mcm_episode_1rylps5;1;1;1;einzelspur;contact_loaded_intake;single_observation;0.246082;0.0;0.596685;0.271031;0.372233;0.318288;einzelspur:1;KAS2024_15M:1;482_KAS2024_15M_SINNESAUFNAHME_WIEDERERKENNUNG.csv:1;passive_not_actionable
feldinput|inner_effect_carried_unrest|dio_mcm_episode_1y26981;feldinput;inner_effect_carried_unrest;dio_mcm_episode_1y26981;1;1;1;einzelspur;contact_loaded_intake;single_observation;0.35733;0.0;0.634133;0.220482;0.408216;0.225284;einzelspur:1;KAS2024_15M:1;482_KAS2024_15M_SINNESAUFNAHME_WIEDERERKENNUNG.csv:1;passive_not_actionable
feldinput|inner_effect_stable|dio_mcm_episode_00i7zy5;feldinput;inner_effect_stable;dio_mcm_episode_00i7zy5;1;1;1;einzelspur;young_intake_trace;single_observation;0.417256;0.0;0.656084;0.18953;0.421624;0.197194;einzelspur:1;KAS2024_15M:1;482_KAS2024_15M_SINNESAUFNAHME_WIEDERERKENNUNG.csv:1;passive_not_actionable
feldinput|inner_effect_stable|dio_mcm_episode_0393v08;feldinput;inner_effect_stable;dio_mcm_episode_0393v08;1;1;1;einzelspur;contact_loaded_intake;single_observation;0.356404;0.0;0.638805;0.21389;0.400613;0.274045;einzelspur:1;KAS2024_15M:1;482_KAS2024_15M_SINNESAUFNAHME_WIEDERERKENNUNG.csv:1;passive_not_actionable
feldinput|inner_effect_stable|dio_mcm_episode_0qzjuvj;feldinput;inner_effect_stable;dio_mcm_episode_0qzjuvj;1;1;1;einzelspur;young_intake_trace;single_observation;0.476561;0.0;0.687246;0.163933;0.491485;0.187008;einzelspur:1;KAS2024_15M:1;482_KAS2024_15M_SINNESAUFNAHME_WIEDERERKENNUNG.csv:1;passive_not_actionable
feldinput|inner_effect_stable|dio_mcm_episode_17i4j9o;feldinput;inner_effect_stable;dio_mcm_episode_17i4j9o;1;1;1;einzelspur;contact_loaded_intake;single_observation;0.384167;0.0;0.642985;0.207442;0.412679;0.205505;einzelspur:1;KAS2024_15M:1;482_KAS2024_15M_SINNESAUFNAHME_WIEDERERKENNUNG.csv:1;passive_not_actionable
feldinput|inner_effect_strained|dio_mcm_episode_0kvx94a;feldinput;inner_effect_strained;dio_mcm_episode_0kvx94a;1;1;1;einzelspur;contact_loaded_intake;single_observation;0.09648;0.0;0.550942;0.338811;0.323557;0.462606;einzelspur:1;KAS2024_15M:1;482_KAS2024_15M_SINNESAUFNAHME_WIEDERERKENNUNG.csv:1;passive_not_actionable
feldinput|inner_effect_tipping|dio_mcm_episode_0z748ck;feldinput;inner_effect_tipping;dio_mcm_episode_0z748ck;1;1;1;einzelspur;contact_loaded_intake;single_observation;0.129724;0.0;0.562191;0.323488;0.336956;0.435917;einzelspur:1;KAS2024_15M:1;482_KAS2024_15M_SINNESAUFNAHME_WIEDERERKENNUNG.csv:1;passive_not_actionable
feldinput|inner_effect_tipping|dio_mcm_episode_1ahj81f;feldinput;inner_effect_tipping;dio_mcm_episode_1ahj81f;1;1;1;einzelspur;contact_loaded_intake;single_observation;0.187259;0.0;0.586107;0.291179;0.356828;0.430675;einzelspur:1;KAS2024_15M:1;482_KAS2024_15M_SINNESAUFNAHME_WIEDERERKENNUNG.csv:1;passive_not_actionable
fuehlen_abstand|inner_effect_carried_unrest|dio_mcm_episode_0mji3u6;fuehlen_abstand;inner_effect_carried_unrest;dio_mcm_episode_0mji3u6;1;1;1;einzelspur;young_intake_trace;single_observation;0.412134;0.0;0.650601;0.198574;0.453111;0.15957;einzelspur:1;KAS2024_15M:1;482_KAS2024_15M_SINNESAUFNAHME_WIEDERERKENNUNG.csv:1;passive_not_actionable
fuehlen_abstand|inner_effect_carried_unrest|dio_mcm_episode_0ybhu2p;fuehlen_abstand;inner_effect_carried_unrest;dio_mcm_episode_0ybhu2p;1;1;1;einzelspur;contact_loaded_intake;single_observation;0.255016;0.0;0.595921;0.267989;0.374392;0.291663;einzelspur:1;KAS2024_15M:1;482_KAS2024_15M_SINNESAUFNAHME_WIEDERERKENNUNG.csv:1;passive_not_actionable
fuehlen_abstand|inner_effect_carried_unrest|dio_mcm_episode_17i4j9o;fuehlen_abstand;inner_effect_carried_unrest;dio_mcm_episode_17i4j9o;1;1;1;einzelspur;contact_loaded_intake;single_observation;0.298477;0.0;0.614757;0.243792;0.383456;0.289952;einzelspur:1;KAS2024_15M:1;482_KAS2024_15M_SINNESAUFNAHME_WIEDERERKENNUNG.csv:1;passive_not_actionable
fuehlen_abstand|inner_effect_strained|dio_mcm_episode_19a388p;fuehlen_abstand;inner_effect_strained;dio_mcm_episode_19a388p;1;1;1;einzelspur;contact_loaded_intake;single_observation;0.023386;0.0;0.531519;0.370392;0.307959;0.550964;einzelspur:1;KAS2024_15M:1;482_KAS2024_15M_SINNESAUFNAHME_WIEDERERKENNUNG.csv:1;passive_not_actionable
fuehlen_abstand|inner_effect_strained|dio_mcm_episode_19cadje;fuehlen_abstand;inner_effect_strained;dio_mcm_episode_19cadje;1;1;1;einzelspur;contact_loaded_intake;single_observation;0.001456;0.0;0.520751;0.384633;0.29592;0.538646;einzelspur:1;KAS2024_15M:1;482_KAS2024_15M_SINNESAUFNAHME_WIEDERERKENNUNG.csv:1;passive_not_actionable
fuehlen_abstand|inner_effect_tipping|dio_mcm_episode_199bl61;fuehlen_abstand;inner_effect_tipping;dio_mcm_episode_199bl61;1;1;1;einzelspur;contact_loaded_intake;single_observation;0.213411;0.0;0.570292;0.299392;0.368628;0.229957;einzelspur:1;KAS2024_15M:1;482_KAS2024_15M_SINNESAUFNAHME_WIEDERERKENNUNG.csv:1;passive_not_actionable
fuehlen_abstand|inner_effect_tipping|dio_mcm_episode_1jx2k4i;fuehlen_abstand;inner_effect_tipping;dio_mcm_episode_1jx2k4i;1;1;1;einzelspur;contact_loaded_intake;single_observation;0.181039;0.0;0.584677;0.291297;0.352147;0.449363;einzelspur:1;KAS2024_15M:1;482_KAS2024_15M_SINNESAUFNAHME_WIEDERERKENNUNG.csv:1;passive_not_actionable
hoeren_hin|inner_effect_stable|dio_mcm_episode_00dz86x;hoeren_hin;inner_effect_stable;dio_mcm_episode_00dz86x;1;1;1;einzelspur;young_intake_trace;single_observation;0.530375;0.0;0.682863;0.136969;0.456321;0.062075;einzelspur:1;KAS2024_15M:1;482_KAS2024_15M_SINNESAUFNAHME_WIEDERERKENNUNG.csv:1;passive_not_actionable
hoeren_hin|inner_effect_stable|dio_mcm_episode_0393v08;hoeren_hin;inner_effect_stable;dio_mcm_episode_0393v08;1;1;1;einzelspur;young_intake_trace;single_observation;0.460964;0.0;0.662764;0.174564;0.436425;0.108946;einzelspur:1;KAS2024_15M:1;482_KAS2024_15M_SINNESAUFNAHME_WIEDERERKENNUNG.csv:1;passive_not_actionable
hoeren_hin|inner_effect_stable|dio_mcm_episode_03hr8bf;hoeren_hin;inner_effect_stable;dio_mcm_episode_03hr8bf;1;1;1;einzelspur;young_intake_trace;single_observation;0.524407;0.0;0.696886;0.151174;0.513525;0.08522;einzelspur:1;KAS2024_15M:1;482_KAS2024_15M_SINNESAUFNAHME_WIEDERERKENNUNG.csv:1;passive_not_actionable
hoeren_hin|inner_effect_stable|dio_mcm_episode_0krixak;hoeren_hin;inner_effect_stable;dio_mcm_episode_0krixak;1;1;1;einzelspur;young_intake_trace;single_observation;0.555997;0.0;0.694292;0.131209;0.465253;0.028345;einzelspur:1;KAS2024_15M:1;482_KAS2024_15M_SINNESAUFNAHME_WIEDERERKENNUNG.csv:1;passive_not_actionable
hoeren_hin|inner_effect_stable|dio_mcm_episode_0uhmzrl;hoeren_hin;inner_effect_stable;dio_mcm_episode_0uhmzrl;1;1;1;einzelspur;young_intake_trace;single_observation;0.490222;0.0;0.670039;0.15596;0.442695;0.095428;einzelspur:1;KAS2024_15M:1;482_KAS2024_15M_SINNESAUFNAHME_WIEDERERKENNUNG.csv:1;passive_not_actionable
hoeren_hin|inner_effect_stable|dio_mcm_episode_1al8fjz;hoeren_hin;inner_effect_stable;dio_mcm_episode_1al8fjz;1;1;1;einzelspur;young_intake_trace;single_observation;0.514559;0.0;0.677079;0.150666;0.449146;0.047416;einzelspur:1;KAS2024_15M:1;482_KAS2024_15M_SINNESAUFNAHME_WIEDERERKENNUNG.csv:1;passive_not_actionable
hoeren_hin|inner_effect_stable|dio_mcm_episode_1i1sl4l;hoeren_hin;inner_effect_stable;dio_mcm_episode_1i1sl4l;1;1;1;einzelspur;young_intake_trace;single_observation;0.518742;0.0;0.688855;0.144455;0.482945;0.10263;einzelspur:1;KAS2024_15M:1;482_KAS2024_15M_SINNESAUFNAHME_WIEDERERKENNUNG.csv:1;passive_not_actionable
hoeren_hin|inner_effect_stable|dio_mcm_episode_1iaha25;hoeren_hin;inner_effect_stable;dio_mcm_episode_1iaha25;1;1;1;einzelspur;young_intake_trace;single_observation;0.536152;0.0;0.691793;0.138525;0.491229;0.068463;einzelspur:1;KAS2024_15M:1;482_KAS2024_15M_SINNESAUFNAHME_WIEDERERKENNUNG.csv:1;passive_not_actionable
hoeren_hin|inner_effect_stable|dio_mcm_episode_1u741ze;hoeren_hin;inner_effect_stable;dio_mcm_episode_1u741ze;1;1;1;einzelspur;young_intake_trace;single_observation;0.535234;0.0;0.709938;0.153175;0.548841;0.086116;einzelspur:1;KAS2024_15M:1;482_KAS2024_15M_SINNESAUFNAHME_WIEDERERKENNUNG.csv:1;passive_not_actionable
hoeren_hin|inner_effect_stable|dio_mcm_episode_1y2gc2i;hoeren_hin;inner_effect_stable;dio_mcm_episode_1y2gc2i;1;1;1;einzelspur;young_intake_trace;single_observation;0.505599;0.0;0.675851;0.155376;0.449165;0.059506;einzelspur:1;KAS2024_15M:1;482_KAS2024_15M_SINNESAUFNAHME_WIEDERERKENNUNG.csv:1;passive_not_actionable
hoeren_leise|inner_effect_carried_unrest|dio_mcm_episode_0mji3u6;hoeren_leise;inner_effect_carried_unrest;dio_mcm_episode_0mji3u6;1;1;1;einzelspur;young_intake_trace;single_observation;0.397466;0.0;0.649677;0.202277;0.449355;0.199737;einzelspur:1;KAS2024_15M:1;482_KAS2024_15M_SINNESAUFNAHME_WIEDERERKENNUNG.csv:1;passive_not_actionable
hoeren_leise|inner_effect_carried_unrest|dio_mcm_episode_1y2gc2i;hoeren_leise;inner_effect_carried_unrest;dio_mcm_episode_1y2gc2i;1;1;1;einzelspur;young_intake_trace;single_observation;0.465665;0.0;0.67313;0.170394;0.469867;0.148283;einzelspur:1;KAS2024_15M:1;482_KAS2024_15M_SINNESAUFNAHME_WIEDERERKENNUNG.csv:1;passive_not_actionable
hoeren_leise|inner_effect_stable|dio_mcm_episode_1ahj81f;hoeren_leise;inner_effect_stable;dio_mcm_episode_1ahj81f;1;1;1;einzelspur;contact_loaded_intake;single_observation;0.387001;0.0;0.646454;0.201518;0.414614;0.231738;einzelspur:1;KAS2024_15M:1;482_KAS2024_15M_SINNESAUFNAHME_WIEDERERKENNUNG.csv:1;passive_not_actionable
hoeren_leise|inner_effect_stable|dio_mcm_episode_1joiyc3;hoeren_leise;inner_effect_stable;dio_mcm_episode_1joiyc3;1;1;1;einzelspur;young_intake_trace;single_observation;0.483145;0.0;0.67874;0.160205;0.474229;0.141559;einzelspur:1;KAS2024_15M:1;482_KAS2024_15M_SINNESAUFNAHME_WIEDERERKENNUNG.csv:1;passive_not_actionable
hoeren_leise|inner_effect_tipping|dio_mcm_episode_0e7qvj1;hoeren_leise;inner_effect_tipping;dio_mcm_episode_0e7qvj1;1;1;1;einzelspur;contact_loaded_intake;single_observation;0.194748;0.0;0.588598;0.288168;0.367238;0.422726;einzelspur:1;KAS2024_15M:1;482_KAS2024_15M_SINNESAUFNAHME_WIEDERERKENNUNG.csv:1;passive_not_actionable
sehen_abstand|inner_effect_carried_unrest|dio_mcm_episode_025ygv9;sehen_abstand;inner_effect_carried_unrest;dio_mcm_episode_025ygv9;1;1;1;einzelspur;contact_loaded_intake;single_observation;0.366328;0.0;0.644315;0.222522;0.465816;0.221859;einzelspur:1;KAS2024_15M:1;482_KAS2024_15M_SINNESAUFNAHME_WIEDERERKENNUNG.csv:1;passive_not_actionable
sehen_abstand|inner_effect_carried_unrest|dio_mcm_episode_04tuox8;sehen_abstand;inner_effect_carried_unrest;dio_mcm_episode_04tuox8;1;1;1;einzelspur;young_intake_trace;single_observation;0.407074;0.0;0.640004;0.198672;0.418247;0.137034;einzelspur:1;KAS2024_15M:1;482_KAS2024_15M_SINNESAUFNAHME_WIEDERERKENNUNG.csv:1;passive_not_actionable
sehen_abstand|inner_effect_carried_unrest|dio_mcm_episode_0n49e5a;sehen_abstand;inner_effect_carried_unrest;dio_mcm_episode_0n49e5a;1;1;1;einzelspur;contact_loaded_intake;single_observation;0.355404;0.0;0.638381;0.224073;0.445883;0.235615;einzelspur:1;KAS2024_15M:1;482_KAS2024_15M_SINNESAUFNAHME_WIEDERERKENNUNG.csv:1;passive_not_actionable
sehen_abstand|inner_effect_carried_unrest|dio_mcm_episode_0ne8zu9;sehen_abstand;inner_effect_carried_unrest;dio_mcm_episode_0ne8zu9;1;1;1;einzelspur;young_intake_trace;single_observation;0.441687;0.0;0.645126;0.188167;0.425911;0.061089;einzelspur:1;KAS2024_15M:1;482_KAS2024_15M_SINNESAUFNAHME_WIEDERERKENNUNG.csv:1;passive_not_actionable
sehen_abstand|inner_effect_carried_unrest|dio_mcm_episode_0y1i8dq;sehen_abstand;inner_effect_carried_unrest;dio_mcm_episode_0y1i8dq;1;1;1;einzelspur;contact_loaded_intake;single_observation;0.329565;0.0;0.61744;0.232828;0.396525;0.220187;einzelspur:1;KAS2024_15M:1;482_KAS2024_15M_SINNESAUFNAHME_WIEDERERKENNUNG.csv:1;passive_not_actionable
sehen_abstand|inner_effect_carried_unrest|dio_mcm_episode_0ybhu2p;sehen_abstand;inner_effect_carried_unrest;dio_mcm_episode_0ybhu2p;1;1;1;einzelspur;young_intake_trace;single_observation;0.472858;0.0;0.687832;0.176017;0.519389;0.155828;einzelspur:1;KAS2024_15M:1;482_KAS2024_15M_SINNESAUFNAHME_WIEDERERKENNUNG.csv:1;passive_not_actionable
sehen_abstand|inner_effect_carried_unrest|dio_mcm_episode_0z748ck;sehen_abstand;inner_effect_carried_unrest;dio_mcm_episode_0z748ck;1;1;1;einzelspur;young_intake_trace;single_observation;0.401112;0.0;0.650938;0.209846;0.473621;0.159922;einzelspur:1;KAS2024_15M:1;482_KAS2024_15M_SINNESAUFNAHME_WIEDERERKENNUNG.csv:1;passive_not_actionable
sehen_abstand|inner_effect_carried_unrest|dio_mcm_episode_199bl61;sehen_abstand;inner_effect_carried_unrest;dio_mcm_episode_199bl61;1;1;1;einzelspur;strained_intake;single_observation;0.273866;0.0;0.590085;0.268832;0.38265;0.189549;einzelspur:1;KAS2024_15M:1;482_KAS2024_15M_SINNESAUFNAHME_WIEDERERKENNUNG.csv:1;passive_not_actionable
sehen_abstand|inner_effect_stable|dio_mcm_episode_00er6t0;sehen_abstand;inner_effect_stable;dio_mcm_episode_00er6t0;1;1;1;einzelspur;young_intake_trace;single_observation;0.455392;0.0;0.662552;0.171505;0.436752;0.142621;einzelspur:1;KAS2024_15M:1;482_KAS2024_15M_SINNESAUFNAHME_WIEDERERKENNUNG.csv:1;passive_not_actionable
sehen_abstand|inner_effect_stable|dio_mcm_episode_01yulb6;sehen_abstand;inner_effect_stable;dio_mcm_episode_01yulb6;1;1;1;einzelspur;young_intake_trace;single_observation;0.452907;0.0;0.660613;0.175094;0.433921;0.130447;einzelspur:1;KAS2024_15M:1;482_KAS2024_15M_SINNESAUFNAHME_WIEDERERKENNUNG.csv:1;passive_not_actionable
sehen_abstand|inner_effect_stable|dio_mcm_episode_03hr8bf;sehen_abstand;inner_effect_stable;dio_mcm_episode_03hr8bf;1;1;1;einzelspur;young_intake_trace;single_observation;0.514366;0.0;0.690557;0.152817;0.504876;0.093494;einzelspur:1;KAS2024_15M:1;482_KAS2024_15M_SINNESAUFNAHME_WIEDERERKENNUNG.csv:1;passive_not_actionable
sehen_abstand|inner_effect_stable|dio_mcm_episode_04tuox8;sehen_abstand;inner_effect_stable;dio_mcm_episode_04tuox8;1;1;1;einzelspur;young_intake_trace;single_observation;0.50804;0.0;0.687917;0.153202;0.497108;0.106702;einzelspur:1;KAS2024_15M:1;482_KAS2024_15M_SINNESAUFNAHME_WIEDERERKENNUNG.csv:1;passive_not_actionable
sehen_abstand|inner_effect_stable|dio_mcm_episode_0uhmzrl;sehen_abstand;inner_effect_stable;dio_mcm_episode_0uhmzrl;1;1;1;einzelspur;young_intake_trace;single_observation;0.506969;0.0;0.688406;0.150945;0.491235;0.121969;einzelspur:1;KAS2024_15M:1;482_KAS2024_15M_SINNESAUFNAHME_WIEDERERKENNUNG.csv:1;passive_not_actionable
sehen_abstand|inner_effect_stable|dio_mcm_episode_1ahj81f;sehen_abstand;inner_effect_stable;dio_mcm_episode_1ahj81f;1;1;1;einzelspur;young_intake_trace;single_observation;0.485514;0.0;0.687268;0.169431;0.504667;0.129291;einzelspur:1;KAS2024_15M:1;482_KAS2024_15M_SINNESAUFNAHME_WIEDERERKENNUNG.csv:1;passive_not_actionable
sehen_abstand|inner_effect_stable|dio_mcm_episode_1rylps5;sehen_abstand;inner_effect_stable;dio_mcm_episode_1rylps5;1;1;1;einzelspur;young_intake_trace;single_observation;0.489586;0.0;0.683823;0.162075;0.494145;0.128648;einzelspur:1;KAS2024_15M:1;482_KAS2024_15M_SINNESAUFNAHME_WIEDERERKENNUNG.csv:1;passive_not_actionable
sehen_abstand|inner_effect_tipping|dio_mcm_episode_0e7qvj1;sehen_abstand;inner_effect_tipping;dio_mcm_episode_0e7qvj1;1;1;1;einzelspur;contact_loaded_intake;single_observation;0.223419;0.0;0.579804;0.289284;0.371368;0.268406;einzelspur:1;KAS2024_15M:1;482_KAS2024_15M_SINNESAUFNAHME_WIEDERERKENNUNG.csv:1;passive_not_actionable
sehen_abstand|inner_effect_tipping|dio_mcm_episode_0qw9mto;sehen_abstand;inner_effect_tipping;dio_mcm_episode_0qw9mto;1;1;1;einzelspur;contact_loaded_intake;single_observation;0.212931;0.0;0.569083;0.291525;0.359432;0.258508;einzelspur:1;KAS2024_15M:1;482_KAS2024_15M_SINNESAUFNAHME_WIEDERERKENNUNG.csv:1;passive_not_actionable
sehen_abstand|inner_effect_tipping|dio_mcm_episode_0r698in;sehen_abstand;inner_effect_tipping;dio_mcm_episode_0r698in;1;1;1;einzelspur;contact_loaded_intake;single_observation;0.156484;0.0;0.555738;0.318485;0.350791;0.323075;einzelspur:1;KAS2024_15M:1;482_KAS2024_15M_SINNESAUFNAHME_WIEDERERKENNUNG.csv:1;passive_not_actionable
sehen_abstand|inner_effect_tipping|dio_mcm_episode_199bl61;sehen_abstand;inner_effect_tipping;dio_mcm_episode_199bl61;1;1;1;einzelspur;contact_loaded_intake;single_observation;0.20579;0.0;0.566135;0.294294;0.355095;0.264203;einzelspur:1;KAS2024_15M:1;482_KAS2024_15M_SINNESAUFNAHME_WIEDERERKENNUNG.csv:1;passive_not_actionable
sehen_fokus|inner_effect_stable|dio_mcm_episode_0393v08;sehen_fokus;inner_effect_stable;dio_mcm_episode_0393v08;1;1;1;einzelspur;young_intake_trace;single_observation;0.478488;0.0;0.668293;0.167015;0.441118;0.091161;einzelspur:1;KAS2024_15M:1;482_KAS2024_15M_SINNESAUFNAHME_WIEDERERKENNUNG.csv:1;passive_not_actionable
sehen_fokus|inner_effect_stable|dio_mcm_episode_0hjnwsk;sehen_fokus;inner_effect_stable;dio_mcm_episode_0hjnwsk;1;1;1;einzelspur;young_intake_trace;single_observation;0.525916;0.0;0.710885;0.147373;0.543125;0.150384;einzelspur:1;KAS2024_15M:1;482_KAS2024_15M_SINNESAUFNAHME_WIEDERERKENNUNG.csv:1;passive_not_actionable
sehen_fokus|inner_effect_stable|dio_mcm_episode_0mlk2ts;sehen_fokus;inner_effect_stable;dio_mcm_episode_0mlk2ts;1;1;1;einzelspur;young_intake_trace;single_observation;0.457271;0.0;0.665731;0.170192;0.439154;0.153073;einzelspur:1;KAS2024_15M:1;482_KAS2024_15M_SINNESAUFNAHME_WIEDERERKENNUNG.csv:1;passive_not_actionable
sehen_fokus|inner_effect_stable|dio_mcm_episode_0n49e5a;sehen_fokus;inner_effect_stable;dio_mcm_episode_0n49e5a;1;1;1;einzelspur;young_intake_trace;single_observation;0.459808;0.0;0.669546;0.1724;0.445067;0.149353;einzelspur:1;KAS2024_15M:1;482_KAS2024_15M_SINNESAUFNAHME_WIEDERERKENNUNG.csv:1;passive_not_actionable
sehen_fokus|inner_effect_stable|dio_mcm_episode_0qzjuvj;sehen_fokus;inner_effect_stable;dio_mcm_episode_0qzjuvj;1;1;1;einzelspur;young_intake_trace;single_observation;0.533011;0.0;0.719345;0.15452;0.567046;0.127256;einzelspur:1;KAS2024_15M:1;482_KAS2024_15M_SINNESAUFNAHME_WIEDERERKENNUNG.csv:1;passive_not_actionable
sehen_fokus|inner_effect_stable|dio_mcm_episode_0z748ck;sehen_fokus;inner_effect_stable;dio_mcm_episode_0z748ck;1;1;1;einzelspur;young_intake_trace;single_observation;0.496083;0.0;0.680142;0.155612;0.452378;0.113789;einzelspur:1;KAS2024_15M:1;482_KAS2024_15M_SINNESAUFNAHME_WIEDERERKENNUNG.csv:1;passive_not_actionable
sehen_fokus|inner_effect_stable|dio_mcm_episode_19g1diz;sehen_fokus;inner_effect_stable;dio_mcm_episode_19g1diz;1;1;1;einzelspur;young_intake_trace;single_observation;0.443455;0.0;0.663489;0.178347;0.440221;0.166748;einzelspur:1;KAS2024_15M:1;482_KAS2024_15M_SINNESAUFNAHME_WIEDERERKENNUNG.csv:1;passive_not_actionable
sehen_fokus|inner_effect_stable|dio_mcm_episode_1rylps5;sehen_fokus;inner_effect_stable;dio_mcm_episode_1rylps5;1;1;1;einzelspur;young_intake_trace;single_observation;0.391006;0.0;0.64426;0.203867;0.422979;0.197548;einzelspur:1;KAS2024_15M:1;482_KAS2024_15M_SINNESAUFNAHME_WIEDERERKENNUNG.csv:1;passive_not_actionable
sehen_fokus|inner_effect_stable|dio_mcm_episode_1y2gc2i;sehen_fokus;inner_effect_stable;dio_mcm_episode_1y2gc2i;1;1;1;einzelspur;young_intake_trace;single_observation;0.459992;0.0;0.664411;0.175052;0.438343;0.117466;einzelspur:1;KAS2024_15M:1;482_KAS2024_15M_SINNESAUFNAHME_WIEDERERKENNUNG.csv:1;passive_not_actionable
