intake_key;axis;inner_effect_state;mcm_preview_symbol;intake_memory_quality;total_events;max_world_count;recoupling_balance;strain_quality;carry_quality;field_intake_pressure;focus_pull;distance_pull;softening_pull;sharpening_pull;contact_relief_pull;stable_listening_pull;dominant_suggestion;suggestion_family;passive_note
feldinput|inner_effect_stable|dio_mcm_episode_0e7qvj1;feldinput;inner_effect_stable;dio_mcm_episode_0e7qvj1;contact_loaded_intake;64;1;0.453197;0.17787;0.491627;0.204405;0.119914;0.285683;0.235064;0.179099;0.35689;0.077008;contact_relief_pull;aufnahme_entlasten;passive_suggestion_not_action
feldinput|inner_effect_carried_unrest|dio_mcm_episode_0e7qvj1;feldinput;inner_effect_carried_unrest;dio_mcm_episode_0e7qvj1;contact_loaded_intake;30;1;0.339195;0.227807;0.429761;0.291042;0.088205;0.374745;0.303442;0.146594;0.417025;0.041254;contact_relief_pull;aufnahme_entlasten;passive_suggestion_not_action
feldinput|inner_effect_carried_unrest|dio_mcm_episode_1hdpu9s;feldinput;inner_effect_carried_unrest;dio_mcm_episode_1hdpu9s;contact_loaded_intake;18;1;0.343719;0.225104;0.430284;0.281108;0.087664;0.367233;0.298438;0.147652;0.410885;0.042417;contact_relief_pull;aufnahme_entlasten;passive_suggestion_not_action
feldinput|inner_effect_stable|dio_mcm_episode_1hdpu9s;feldinput;inner_effect_stable;dio_mcm_episode_1hdpu9s;contact_loaded_intake;18;1;0.461273;0.175234;0.492185;0.205039;0.115961;0.283569;0.23268;0.180942;0.35658;0.079036;contact_relief_pull;aufnahme_entlasten;passive_suggestion_not_action
feldinput|inner_effect_stable|dio_mcm_episode_1ahj81f;feldinput;inner_effect_stable;dio_mcm_episode_1ahj81f;young_intake_trace;17;1;0.433986;0.18411;0.451782;0.199351;0.112227;0.288657;0.239659;0.176691;0.355671;0.07436;contact_relief_pull;aufnahme_entlasten;passive_suggestion_not_action
feldinput|inner_effect_tipping|dio_mcm_episode_0e7qvj1;feldinput;inner_effect_tipping;dio_mcm_episode_0e7qvj1;contact_loaded_intake;16;1;0.175398;0.300396;0.355831;0.433618;0.048354;0.513418;0.407504;0.101687;0.513589;0.0;contact_relief_pull;aufnahme_entlasten;passive_suggestion_not_action
feldinput|inner_effect_carried_unrest|dio_mcm_episode_1ahj81f;feldinput;inner_effect_carried_unrest;dio_mcm_episode_1ahj81f;contact_loaded_intake;12;1;0.300362;0.24274;0.392802;0.306883;0.075013;0.396532;0.321643;0.133616;0.429471;0.026977;contact_relief_pull;aufnahme_entlasten;passive_suggestion_not_action
feldinput|inner_effect_stable|dio_mcm_episode_1q3us3f;feldinput;inner_effect_stable;dio_mcm_episode_1q3us3f;young_intake_trace;4;1;0.460796;0.174754;0.489853;0.193179;0.119564;0.276669;0.228979;0.187157;0.349937;0.085873;contact_relief_pull;aufnahme_entlasten;passive_suggestion_not_action
feldinput|inner_effect_carried_unrest|dio_mcm_episode_1jx2k4i;feldinput;inner_effect_carried_unrest;dio_mcm_episode_1jx2k4i;contact_loaded_intake;3;1;0.264027;0.257776;0.375734;0.347961;0.065398;0.432407;0.347038;0.123574;0.455823;0.015931;contact_relief_pull;aufnahme_entlasten;passive_suggestion_not_action
feldinput|inner_effect_stable|dio_mcm_episode_1rxdw4p;feldinput;inner_effect_stable;dio_mcm_episode_1rxdw4p;contact_loaded_intake;3;1;0.42651;0.188628;0.48336;0.239129;0.10676;0.314568;0.254939;0.172235;0.378678;0.069459;contact_relief_pull;aufnahme_entlasten;passive_suggestion_not_action
feldinput|inner_effect_carried_unrest|dio_mcm_episode_0jbl5pq;feldinput;inner_effect_carried_unrest;dio_mcm_episode_0jbl5pq;young_intake_trace;2;1;0.41979;0.199349;0.470186;0.176323;0.10965;0.283113;0.24242;0.175776;0.346815;0.073354;contact_relief_pull;aufnahme_entlasten;passive_suggestion_not_action
feldinput|inner_effect_carried_unrest|dio_mcm_episode_0qzjuvj;feldinput;inner_effect_carried_unrest;dio_mcm_episode_0qzjuvj;contact_loaded_intake;2;1;0.323693;0.233262;0.42413;0.306376;0.081372;0.38848;0.313157;0.142508;0.426822;0.036759;contact_relief_pull;aufnahme_entlasten;passive_suggestion_not_action
feldinput|inner_effect_carried_unrest|dio_mcm_episode_1rxdw4p;feldinput;inner_effect_carried_unrest;dio_mcm_episode_1rxdw4p;contact_loaded_intake;2;1;0.326485;0.2351;0.416824;0.264998;0.081149;0.364624;0.301224;0.142246;0.404524;0.03647;contact_relief_pull;aufnahme_entlasten;passive_suggestion_not_action
feldinput|inner_effect_stable|dio_mcm_episode_0mji3u6;feldinput;inner_effect_stable;dio_mcm_episode_0mji3u6;young_intake_trace;2;1;0.489795;0.171069;0.546585;0.17828;0.130533;0.26101;0.218075;0.200345;0.340821;0.10038;contact_relief_pull;aufnahme_entlasten;passive_suggestion_not_action
feldinput|inner_effect_carried_unrest|dio_mcm_episode_0ifxej6;feldinput;inner_effect_carried_unrest;dio_mcm_episode_0ifxej6;contact_loaded_intake;1;1;0.335433;0.225291;0.408297;0.269632;0.081832;0.362353;0.296431;0.143191;0.40462;0.03751;contact_relief_pull;aufnahme_entlasten;passive_suggestion_not_action
feldinput|inner_effect_carried_unrest|dio_mcm_episode_0z748ck;feldinput;inner_effect_carried_unrest;dio_mcm_episode_0z748ck;contact_loaded_intake;1;1;0.301493;0.241911;0.383994;0.292749;0.073007;0.387883;0.316835;0.132808;0.42149;0.026089;contact_relief_pull;aufnahme_entlasten;passive_suggestion_not_action
feldinput|inner_effect_carried_unrest|dio_mcm_episode_1q3us3f;feldinput;inner_effect_carried_unrest;dio_mcm_episode_1q3us3f;contact_loaded_intake;1;1;0.32033;0.233908;0.439841;0.337402;0.082225;0.407271;0.323288;0.143654;0.444048;0.038019;contact_relief_pull;aufnahme_entlasten;passive_suggestion_not_action
feldinput|inner_effect_stable|dio_mcm_episode_0jbl5pq;feldinput;inner_effect_stable;dio_mcm_episode_0jbl5pq;contact_loaded_intake;1;1;0.39637;0.200607;0.42279;0.207699;0.094706;0.306373;0.25618;0.158336;0.364386;0.05417;contact_relief_pull;aufnahme_entlasten;passive_suggestion_not_action
feldinput|inner_effect_stable|dio_mcm_episode_0ybhu2p;feldinput;inner_effect_stable;dio_mcm_episode_0ybhu2p;contact_loaded_intake;1;1;0.441303;0.181958;0.487344;0.209814;0.109693;0.292523;0.24057;0.175968;0.360887;0.073565;contact_relief_pull;aufnahme_entlasten;passive_suggestion_not_action
feldinput|inner_effect_stable|dio_mcm_episode_18n06fj;feldinput;inner_effect_stable;dio_mcm_episode_18n06fj;contact_loaded_intake;1;1;0.45569;0.171696;0.490848;0.235599;0.112741;0.301207;0.241007;0.179554;0.372503;0.077509;contact_relief_pull;aufnahme_entlasten;passive_suggestion_not_action
feldinput|inner_effect_stable|dio_mcm_episode_19qsa7h;feldinput;inner_effect_stable;dio_mcm_episode_19qsa7h;young_intake_trace;1;1;0.486304;0.156615;0.489191;0.186719;0.123906;0.261977;0.214179;0.19269;0.341849;0.091959;contact_relief_pull;aufnahme_entlasten;passive_suggestion_not_action
feldinput|inner_effect_stable|dio_mcm_episode_1do29ul;feldinput;inner_effect_stable;dio_mcm_episode_1do29ul;young_intake_trace;1;1;0.434569;0.182583;0.42722;0.171178;0.107911;0.271796;0.230404;0.173872;0.339794;0.071259;contact_relief_pull;aufnahme_entlasten;passive_suggestion_not_action
feldinput|inner_effect_stable|dio_mcm_episode_1rylps5;feldinput;inner_effect_stable;dio_mcm_episode_1rylps5;young_intake_trace;1;1;0.482823;0.155056;0.477608;0.183692;0.122074;0.26044;0.213081;0.190534;0.339795;0.089587;contact_relief_pull;aufnahme_entlasten;passive_suggestion_not_action
feldinput|inner_effect_tipping|dio_mcm_episode_1hdpu9s;feldinput;inner_effect_tipping;dio_mcm_episode_1hdpu9s;contact_loaded_intake;1;1;0.179256;0.299878;0.354607;0.398789;0.047151;0.492373;0.396219;0.102389;0.494303;0.0;contact_relief_pull;aufnahme_entlasten;passive_suggestion_not_action
sehen_abstand|inner_effect_stable|dio_mcm_episode_0e7qvj1;sehen_abstand;inner_effect_stable;dio_mcm_episode_0e7qvj1;young_intake_trace;166;1;0.514197;0.156474;0.523047;0.112932;0.432376;0.433695;0.187558;0.302889;0.101231;0.123178;distance_pull;aufnahme_entlasten;passive_suggestion_not_action
sehen_abstand|inner_effect_carried_unrest|dio_mcm_episode_0e7qvj1;sehen_abstand;inner_effect_carried_unrest;dio_mcm_episode_0e7qvj1;young_intake_trace;119;1;0.439136;0.190698;0.475139;0.133152;0.407813;0.471517;0.222219;0.280627;0.120908;0.098689;distance_pull;aufnahme_entlasten;passive_suggestion_not_action
sehen_abstand|inner_effect_stable|dio_mcm_episode_1hdpu9s;sehen_abstand;inner_effect_stable;dio_mcm_episode_1hdpu9s;young_intake_trace;27;1;0.513042;0.160289;0.533609;0.112365;0.416557;0.434819;0.189417;0.303902;0.101873;0.124293;distance_pull;aufnahme_entlasten;passive_suggestion_not_action
fuehlen_abstand|inner_effect_carried_unrest|dio_mcm_episode_0e7qvj1;fuehlen_abstand;inner_effect_carried_unrest;dio_mcm_episode_0e7qvj1;contact_loaded_intake;20;1;0.356751;0.222552;0.42982;0.223965;0.090294;0.550801;0.278021;0.150464;0.378819;0.04551;distance_pull;aufnahme_entlasten;passive_suggestion_not_action
sehen_abstand|inner_effect_carried_unrest|dio_mcm_episode_0mji3u6;sehen_abstand;inner_effect_carried_unrest;dio_mcm_episode_0mji3u6;young_intake_trace;16;1;0.39923;0.205689;0.443196;0.156876;0.384732;0.498089;0.242978;0.268014;0.137704;0.084816;distance_pull;aufnahme_entlasten;passive_suggestion_not_action
sehen_abstand|inner_effect_stable|dio_mcm_episode_1ahj81f;sehen_abstand;inner_effect_stable;dio_mcm_episode_1ahj81f;young_intake_trace;15;1;0.492381;0.162557;0.483174;0.111908;0.406109;0.439473;0.193702;0.293305;0.102189;0.112635;distance_pull;aufnahme_entlasten;passive_suggestion_not_action
sehen_abstand|inner_effect_carried_unrest|dio_mcm_episode_1hdpu9s;sehen_abstand;inner_effect_carried_unrest;dio_mcm_episode_1hdpu9s;young_intake_trace;14;1;0.453291;0.182854;0.478771;0.128248;0.39823;0.463311;0.214685;0.284177;0.11625;0.102594;distance_pull;aufnahme_entlasten;passive_suggestion_not_action
sehen_abstand|inner_effect_stable|dio_mcm_episode_0mji3u6;sehen_abstand;inner_effect_stable;dio_mcm_episode_0mji3u6;young_intake_trace;8;1;0.498778;0.160281;0.494283;0.106241;0.407598;0.434179;0.189879;0.296045;0.098503;0.11565;distance_pull;aufnahme_entlasten;passive_suggestion_not_action
ausgeglichen|inner_effect_carried_unrest|dio_mcm_episode_0e7qvj1;ausgeglichen;inner_effect_carried_unrest;dio_mcm_episode_0e7qvj1;young_intake_trace;7;1;0.480408;0.177079;0.527172;0.127541;0.207398;0.235557;0.207318;0.19595;0.114417;0.215545;distance_pull;aufnahme_entlasten;passive_suggestion_not_action
fuehlen_abstand|inner_effect_stable|dio_mcm_episode_0e7qvj1;fuehlen_abstand;inner_effect_stable;dio_mcm_episode_0e7qvj1;young_intake_trace;6;1;0.461111;0.172032;0.464826;0.143757;0.11731;0.46722;0.212836;0.184224;0.322074;0.082646;distance_pull;aufnahme_entlasten;passive_suggestion_not_action
fuehlen_abstand|inner_effect_stable|dio_mcm_episode_0mji3u6;fuehlen_abstand;inner_effect_stable;dio_mcm_episode_0mji3u6;young_intake_trace;4;1;0.470456;0.168755;0.467059;0.132058;0.119045;0.457528;0.206251;0.186547;0.314821;0.085202;distance_pull;aufnahme_entlasten;passive_suggestion_not_action
fuehlen_abstand|inner_effect_tipping|dio_mcm_episode_0e7qvj1;fuehlen_abstand;inner_effect_tipping;dio_mcm_episode_0e7qvj1;contact_loaded_intake;4;1;0.18246;0.29632;0.350095;0.401837;0.04765;0.712347;0.394896;0.102553;0.49509;0.0;distance_pull;aufnahme_entlasten;passive_suggestion_not_action
sehen_abstand|inner_effect_stable|dio_mcm_episode_1rylps5;sehen_abstand;inner_effect_stable;dio_mcm_episode_1rylps5;young_intake_trace;4;1;0.48582;0.164862;0.488401;0.12445;0.404095;0.448777;0.199622;0.292489;0.109663;0.111737;distance_pull;aufnahme_entlasten;passive_suggestion_not_action
sehen_abstand|inner_effect_carried_unrest|dio_mcm_episode_1ahj81f;sehen_abstand;inner_effect_carried_unrest;dio_mcm_episode_1ahj81f;young_intake_trace;3;1;0.40674;0.202793;0.430382;0.128579;0.383269;0.479313;0.231909;0.268129;0.121417;0.084942;distance_pull;aufnahme_entlasten;passive_suggestion_not_action
ausgeglichen|inner_effect_carried_unrest|dio_mcm_episode_1hdpu9s;ausgeglichen;inner_effect_carried_unrest;dio_mcm_episode_1hdpu9s;young_intake_trace;2;1;0.492074;0.17004;0.518527;0.114713;0.208098;0.223541;0.198205;0.19748;0.105602;0.217227;distance_pull;aufnahme_entlasten;passive_suggestion_not_action
fuehlen_abstand|inner_effect_tipping|dio_mcm_episode_0mji3u6;fuehlen_abstand;inner_effect_tipping;dio_mcm_episode_0mji3u6;contact_loaded_intake;2;1;0.144362;0.316758;0.377358;0.448623;0.043066;0.753596;0.42489;0.097443;0.525932;0.0;distance_pull;aufnahme_entlasten;passive_suggestion_not_action
sehen_abstand|inner_effect_carried_unrest|dio_mcm_episode_0r1o8ja;sehen_abstand;inner_effect_carried_unrest;dio_mcm_episode_0r1o8ja;young_intake_trace;2;1;0.386519;0.211027;0.415913;0.136506;0.377892;0.490618;0.241512;0.261944;0.127835;0.078138;distance_pull;aufnahme_entlasten;passive_suggestion_not_action
sehen_abstand|inner_effect_carried_unrest|dio_mcm_episode_0yx4mnl;sehen_abstand;inner_effect_carried_unrest;dio_mcm_episode_0yx4mnl;young_intake_trace;2;1;0.437491;0.185098;0.441916;0.125308;0.390076;0.465538;0.217433;0.276278;0.115194;0.093906;distance_pull;aufnahme_entlasten;passive_suggestion_not_action
sehen_abstand|inner_effect_carried_unrest|dio_mcm_episode_1u741ze;sehen_abstand;inner_effect_carried_unrest;dio_mcm_episode_1u741ze;young_intake_trace;2;1;0.339089;0.232877;0.402468;0.188252;0.367651;0.537074;0.275174;0.249896;0.161758;0.064885;distance_pull;aufnahme_entlasten;passive_suggestion_not_action
sehen_abstand|inner_effect_stable|dio_mcm_episode_0lne9ax;sehen_abstand;inner_effect_stable;dio_mcm_episode_0lne9ax;young_intake_trace;2;1;0.520191;0.157898;0.541197;0.102894;0.415668;0.427141;0.184279;0.306386;0.096066;0.127024;distance_pull;aufnahme_entlasten;passive_suggestion_not_action
sehen_abstand|inner_effect_stable|dio_mcm_episode_0qzjuvj;sehen_abstand;inner_effect_stable;dio_mcm_episode_0qzjuvj;young_intake_trace;2;1;0.496258;0.167828;0.528361;0.125956;0.409883;0.448473;0.199824;0.29958;0.111233;0.119538;distance_pull;aufnahme_entlasten;passive_suggestion_not_action
sehen_abstand|inner_effect_stable|dio_mcm_episode_1jx2k4i;sehen_abstand;inner_effect_stable;dio_mcm_episode_1jx2k4i;young_intake_trace;2;1;0.512996;0.160903;0.528914;0.108084;0.413069;0.432554;0.188441;0.303329;0.099672;0.123662;distance_pull;aufnahme_entlasten;passive_suggestion_not_action
sehen_abstand|inner_effect_stable|dio_mcm_episode_1rxdw4p;sehen_abstand;inner_effect_stable;dio_mcm_episode_1rxdw4p;young_intake_trace;2;1;0.53367;0.148528;0.538401;0.103717;0.417903;0.42189;0.17783;0.309016;0.094176;0.129917;distance_pull;aufnahme_entlasten;passive_suggestion_not_action
ausgeglichen|inner_effect_stable|dio_mcm_episode_08fjvls;ausgeglichen;inner_effect_stable;dio_mcm_episode_08fjvls;young_intake_trace;1;1;0.47555;0.165184;0.439097;0.115878;0.196786;0.226019;0.198868;0.184313;0.105029;0.202744;distance_pull;aufnahme_entlasten;passive_suggestion_not_action
ausgeglichen|inner_effect_stable|dio_mcm_episode_0ne8zu9;ausgeglichen;inner_effect_stable;dio_mcm_episode_0ne8zu9;young_intake_trace;1;1;0.484615;0.177271;0.54335;0.147461;0.209115;0.246258;0.21269;0.198817;0.125421;0.218699;distance_pull;aufnahme_entlasten;passive_suggestion_not_action
ausgeglichen|inner_effect_stable|dio_mcm_episode_0vszw6h;ausgeglichen;inner_effect_stable;dio_mcm_episode_0vszw6h;young_intake_trace;1;1;0.481663;0.161701;0.475456;0.15141;0.201637;0.244169;0.206825;0.190021;0.123701;0.209023;distance_pull;aufnahme_entlasten;passive_suggestion_not_action
feldinput|inner_effect_strained|dio_mcm_episode_0dbqs19;feldinput;inner_effect_strained;dio_mcm_episode_0dbqs19;contact_loaded_intake;1;1;0.044499;0.360709;0.325324;0.550583;0.018964;0.626719;0.492682;0.069229;0.592998;0.0;distance_pull;aufnahme_entlasten;passive_suggestion_not_action
feldinput|inner_effect_strained|dio_mcm_episode_0kvu3mb;feldinput;inner_effect_strained;dio_mcm_episode_0kvu3mb;contact_loaded_intake;1;1;0.082724;0.343238;0.318797;0.496155;0.025447;0.581981;0.461816;0.076855;0.558695;0.0;distance_pull;aufnahme_entlasten;passive_suggestion_not_action
feldinput|inner_effect_strained|dio_mcm_episode_0tre8bg;feldinput;inner_effect_strained;dio_mcm_episode_0tre8bg;contact_loaded_intake;1;1;0.094156;0.336747;0.334705;0.509254;0.029207;0.585148;0.460757;0.081279;0.564276;0.0;distance_pull;aufnahme_entlasten;passive_suggestion_not_action
feldinput|inner_effect_tipping|dio_mcm_episode_1ahj81f;feldinput;inner_effect_tipping;dio_mcm_episode_1ahj81f;contact_loaded_intake;1;1;0.170382;0.302749;0.345745;0.4167;0.044587;0.505425;0.40439;0.099373;0.504872;0.0;distance_pull;aufnahme_entlasten;passive_suggestion_not_action
fuehlen_abstand|inner_effect_carried_unrest|dio_mcm_episode_0mji3u6;fuehlen_abstand;inner_effect_carried_unrest;dio_mcm_episode_0mji3u6;contact_loaded_intake;1;1;0.381725;0.214219;0.460242;0.203146;0.095787;0.531061;0.263751;0.159609;0.365285;0.055569;distance_pull;aufnahme_entlasten;passive_suggestion_not_action
fuehlen_abstand|inner_effect_carried_unrest|dio_mcm_episode_0q7skyc;fuehlen_abstand;inner_effect_carried_unrest;dio_mcm_episode_0q7skyc;contact_loaded_intake;1;1;0.313179;0.242511;0.396812;0.23338;0.076499;0.571446;0.297492;0.136917;0.388987;0.030609;distance_pull;aufnahme_entlasten;passive_suggestion_not_action
fuehlen_abstand|inner_effect_carried_unrest|dio_mcm_episode_0r1o8ja;fuehlen_abstand;inner_effect_carried_unrest;dio_mcm_episode_0r1o8ja;young_intake_trace;1;1;0.395232;0.207082;0.417862;0.142275;0.0996;0.49092;0.239928;0.164094;0.330022;0.060504;distance_pull;aufnahme_entlasten;passive_suggestion_not_action
fuehlen_abstand|inner_effect_carried_unrest|dio_mcm_episode_0ultars;fuehlen_abstand;inner_effect_carried_unrest;dio_mcm_episode_0ultars;young_intake_trace;1;1;0.403176;0.198922;0.447928;0.195439;0.104153;0.51738;0.250604;0.16945;0.357222;0.066395;distance_pull;aufnahme_entlasten;passive_suggestion_not_action
fuehlen_abstand|inner_effect_carried_unrest|dio_mcm_episode_1tym9uu;fuehlen_abstand;inner_effect_carried_unrest;dio_mcm_episode_1tym9uu;contact_loaded_intake;1;1;0.349057;0.225463;0.404686;0.2006;0.084012;0.53981;0.27368;0.145755;0.366696;0.04033;distance_pull;aufnahme_entlasten;passive_suggestion_not_action
fuehlen_abstand|inner_effect_stable|dio_mcm_episode_07llqq8;fuehlen_abstand;inner_effect_stable;dio_mcm_episode_07llqq8;young_intake_trace;1;1;0.433101;0.186516;0.428948;0.127252;0.107813;0.468004;0.219406;0.173756;0.316618;0.071132;distance_pull;aufnahme_entlasten;passive_suggestion_not_action
fuehlen_abstand|inner_effect_stable|dio_mcm_episode_0l3i7ey;fuehlen_abstand;inner_effect_stable;dio_mcm_episode_0l3i7ey;young_intake_trace;1;1;0.519836;0.147664;0.507154;0.103164;0.132009;0.424104;0.179474;0.202222;0.293656;0.102445;distance_pull;aufnahme_entlasten;passive_suggestion_not_action
fuehlen_abstand|inner_effect_stable|dio_mcm_episode_0y1i8dq;fuehlen_abstand;inner_effect_stable;dio_mcm_episode_0y1i8dq;young_intake_trace;1;1;0.485347;0.157848;0.440568;0.091166;0.118768;0.427431;0.186358;0.186645;0.289603;0.085309;distance_pull;aufnahme_entlasten;passive_suggestion_not_action
fuehlen_abstand|inner_effect_stable|dio_mcm_episode_1rylps5;fuehlen_abstand;inner_effect_stable;dio_mcm_episode_1rylps5;young_intake_trace;1;1;0.392672;0.203793;0.417229;0.177304;0.099057;0.510602;0.249226;0.163455;0.348465;0.059801;distance_pull;aufnahme_entlasten;passive_suggestion_not_action
fuehlen_abstand|inner_effect_strained|dio_mcm_episode_0kvx94a;fuehlen_abstand;inner_effect_strained;dio_mcm_episode_0kvx94a;contact_loaded_intake;1;1;0.107649;0.333157;0.332389;0.452323;0.031494;0.768415;0.439828;0.083969;0.532067;0.0;distance_pull;aufnahme_entlasten;passive_suggestion_not_action
fuehlen_abstand|inner_effect_strained|dio_mcm_episode_0zb84bd;fuehlen_abstand;inner_effect_strained;dio_mcm_episode_0zb84bd;contact_loaded_intake;1;1;0.071159;0.345577;0.313488;0.53003;0.022743;0.824621;0.474936;0.073674;0.577911;0.0;distance_pull;aufnahme_entlasten;passive_suggestion_not_action
fuehlen_abstand|inner_effect_strained|dio_mcm_episode_19a388p;fuehlen_abstand;inner_effect_strained;dio_mcm_episode_19a388p;contact_loaded_intake;1;1;0.032088;0.368933;0.30633;0.525215;0.014706;0.837225;0.491068;0.064219;0.581101;0.0;distance_pull;aufnahme_entlasten;passive_suggestion_not_action
fuehlen_abstand|inner_effect_strained|dio_mcm_episode_19cadje;fuehlen_abstand;inner_effect_strained;dio_mcm_episode_19cadje;contact_loaded_intake;1;1;0.067605;0.354222;0.318341;0.454141;0.022573;0.784312;0.456993;0.073474;0.538333;0.0;distance_pull;aufnahme_entlasten;passive_suggestion_not_action
fuehlen_abstand|inner_effect_tipping|dio_mcm_episode_1hdpu9s;fuehlen_abstand;inner_effect_tipping;dio_mcm_episode_1hdpu9s;contact_loaded_intake;1;1;0.155534;0.313745;0.341078;0.385383;0.041335;0.713877;0.402727;0.095547;0.490397;0.0;distance_pull;aufnahme_entlasten;passive_suggestion_not_action
fuehlen_abstand|inner_effect_tipping|dio_mcm_episode_1rylps5;fuehlen_abstand;inner_effect_tipping;dio_mcm_episode_1rylps5;contact_loaded_intake;1;1;0.118033;0.330632;0.333327;0.420339;0.033532;0.747047;0.427373;0.086366;0.513844;0.0;distance_pull;aufnahme_entlasten;passive_suggestion_not_action
fuehlen_abstand|inner_effect_tipping|dio_mcm_episode_1ve60mw;fuehlen_abstand;inner_effect_tipping;dio_mcm_episode_1ve60mw;contact_loaded_intake;1;1;0.17642;0.316393;0.35233;0.25206;0.046388;0.633555;0.36078;0.101492;0.417731;0.0;distance_pull;aufnahme_entlasten;passive_suggestion_not_action
sehen_abstand|inner_effect_carried_unrest|dio_mcm_episode_00i7zy5;sehen_abstand;inner_effect_carried_unrest;dio_mcm_episode_00i7zy5;young_intake_trace;1;1;0.430832;0.190199;0.427059;0.118416;0.387196;0.464541;0.218909;0.27303;0.112679;0.090333;distance_pull;aufnahme_entlasten;passive_suggestion_not_action
sehen_abstand|inner_effect_carried_unrest|dio_mcm_episode_00yl137;sehen_abstand;inner_effect_carried_unrest;dio_mcm_episode_00yl137;young_intake_trace;1;1;0.480571;0.175734;0.520252;0.120094;0.406002;0.450797;0.204416;0.295156;0.109985;0.114671;distance_pull;aufnahme_entlasten;passive_suggestion_not_action
sehen_abstand|inner_effect_carried_unrest|dio_mcm_episode_0jbl5pq;sehen_abstand;inner_effect_carried_unrest;dio_mcm_episode_0jbl5pq;young_intake_trace;1;1;0.439761;0.191035;0.474664;0.12568;0.393721;0.467186;0.220047;0.280707;0.116883;0.098778;distance_pull;aufnahme_entlasten;passive_suggestion_not_action
sehen_abstand|inner_effect_carried_unrest|dio_mcm_episode_0ndgwx3;sehen_abstand;inner_effect_carried_unrest;dio_mcm_episode_0ndgwx3;young_intake_trace;1;1;0.451319;0.188005;0.490634;0.107655;0.397511;0.453473;0.211333;0.285166;0.106212;0.103683;distance_pull;aufnahme_entlasten;passive_suggestion_not_action
sehen_abstand|inner_effect_carried_unrest|dio_mcm_episode_0s3bynh;sehen_abstand;inner_effect_carried_unrest;dio_mcm_episode_0s3bynh;young_intake_trace;1;1;0.457863;0.186447;0.518395;0.143859;0.401567;0.472537;0.220352;0.289937;0.125734;0.108931;distance_pull;aufnahme_entlasten;passive_suggestion_not_action
sehen_abstand|inner_effect_carried_unrest|dio_mcm_episode_0ultars;sehen_abstand;inner_effect_carried_unrest;dio_mcm_episode_0ultars;strained_intake;1;1;0.31357;0.25043;0.38841;0.138145;0.347555;0.518942;0.272778;0.226395;0.138587;0.039034;distance_pull;aufnahme_entlasten;passive_suggestion_not_action
sehen_abstand|inner_effect_carried_unrest|dio_mcm_episode_0y1i8dq;sehen_abstand;inner_effect_carried_unrest;dio_mcm_episode_0y1i8dq;strained_intake;1;1;0.31879;0.245614;0.394802;0.164457;0.349184;0.531528;0.277479;0.22831;0.151855;0.041141;distance_pull;aufnahme_entlasten;passive_suggestion_not_action
sehen_abstand|inner_effect_carried_unrest|dio_mcm_episode_1i31hl0;sehen_abstand;inner_effect_carried_unrest;dio_mcm_episode_1i31hl0;young_intake_trace;1;1;0.463571;0.173978;0.484851;0.154206;0.399213;0.473371;0.216504;0.287168;0.128308;0.105885;distance_pull;aufnahme_entlasten;passive_suggestion_not_action
sehen_abstand|inner_effect_carried_unrest|dio_mcm_episode_1rkfb77;sehen_abstand;inner_effect_carried_unrest;dio_mcm_episode_1rkfb77;young_intake_trace;1;1;0.38185;0.220103;0.40646;0.053977;0.375935;0.446842;0.221971;0.259782;0.084713;0.07576;distance_pull;aufnahme_entlasten;passive_suggestion_not_action
sehen_abstand|inner_effect_carried_unrest|dio_mcm_episode_1rxdw4p;sehen_abstand;inner_effect_carried_unrest;dio_mcm_episode_1rxdw4p;young_intake_trace;1;1;0.44084;0.195807;0.514512;0.156609;0.397987;0.486335;0.231426;0.285726;0.135087;0.104299;distance_pull;aufnahme_entlasten;passive_suggestion_not_action
sehen_abstand|inner_effect_carried_unrest|dio_mcm_episode_1rylps5;sehen_abstand;inner_effect_carried_unrest;dio_mcm_episode_1rylps5;young_intake_trace;1;1;0.395372;0.214232;0.409725;0.047259;0.378797;0.438348;0.21495;0.263149;0.07955;0.079464;distance_pull;aufnahme_entlasten;passive_suggestion_not_action
sehen_abstand|inner_effect_carried_unrest|dio_mcm_episode_1teq7yv;sehen_abstand;inner_effect_carried_unrest;dio_mcm_episode_1teq7yv;strained_intake;1;1;0.289903;0.262693;0.386921;0.155184;0.342978;0.53749;0.287606;0.221009;0.151024;0.03311;distance_pull;aufnahme_entlasten;passive_suggestion_not_action
sehen_abstand|inner_effect_carried_unrest|dio_mcm_episode_1uqjjv3;sehen_abstand;inner_effect_carried_unrest;dio_mcm_episode_1uqjjv3;contact_loaded_intake;1;1;0.332278;0.237416;0.431081;0.207883;0.363566;0.551232;0.284332;0.245231;0.17369;0.059754;distance_pull;aufnahme_entlasten;passive_suggestion_not_action
sehen_abstand|inner_effect_stable|dio_mcm_episode_080f74u;sehen_abstand;inner_effect_stable;dio_mcm_episode_080f74u;young_intake_trace;1;1;0.536797;0.149889;0.557303;0.119734;0.420296;0.430931;0.182773;0.311972;0.103326;0.133169;distance_pull;aufnahme_entlasten;passive_suggestion_not_action
sehen_abstand|inner_effect_stable|dio_mcm_episode_0jbl5pq;sehen_abstand;inner_effect_stable;dio_mcm_episode_0jbl5pq;young_intake_trace;1;1;0.527853;0.1647;0.576524;0.105525;0.420584;0.429273;0.187118;0.312311;0.099214;0.133542;distance_pull;aufnahme_entlasten;passive_suggestion_not_action
sehen_abstand|inner_effect_stable|dio_mcm_episode_0k5jysn;sehen_abstand;inner_effect_stable;dio_mcm_episode_0k5jysn;young_intake_trace;1;1;0.491588;0.159892;0.442177;0.063558;0.400099;0.410886;0.178086;0.288211;0.07493;0.107032;distance_pull;aufnahme_entlasten;passive_suggestion_not_action
sehen_abstand|inner_effect_stable|dio_mcm_episode_0sv0ru8;sehen_abstand;inner_effect_stable;dio_mcm_episode_0sv0ru8;young_intake_trace;1;1;0.421014;0.186269;0.430015;0.186135;0.385661;0.504354;0.238839;0.271225;0.148942;0.088347;distance_pull;aufnahme_entlasten;passive_suggestion_not_action
sehen_abstand|inner_effect_stable|dio_mcm_episode_1rkfb77;sehen_abstand;inner_effect_stable;dio_mcm_episode_1rkfb77;young_intake_trace;1;1;0.466961;0.172127;0.488198;0.157763;0.400188;0.474145;0.216128;0.288315;0.129801;0.107147;distance_pull;aufnahme_entlasten;passive_suggestion_not_action
sehen_abstand|inner_effect_stable|dio_mcm_episode_1rviit8;sehen_abstand;inner_effect_stable;dio_mcm_episode_1rviit8;young_intake_trace;1;1;0.450053;0.178584;0.481469;0.189996;0.39634;0.498235;0.231606;0.283788;0.149144;0.102167;distance_pull;aufnahme_entlasten;passive_suggestion_not_action
sehen_abstand|inner_effect_stable|dio_mcm_episode_1y2gc2i;sehen_abstand;inner_effect_stable;dio_mcm_episode_1y2gc2i;young_intake_trace;1;1;0.465498;0.170884;0.435864;0.11251;0.394576;0.447934;0.202232;0.281713;0.104602;0.099885;distance_pull;aufnahme_entlasten;passive_suggestion_not_action
sehen_abstand|inner_effect_tipping|dio_mcm_episode_0e7qvj1;sehen_abstand;inner_effect_tipping;dio_mcm_episode_0e7qvj1;contact_loaded_intake;1;1;0.139658;0.326621;0.342771;0.363148;0.318539;0.708378;0.404854;0.192257;0.281387;0.001483;distance_pull;aufnahme_entlasten;passive_suggestion_not_action
hoeren_leise|inner_effect_stable|dio_mcm_episode_0e7qvj1;hoeren_leise;inner_effect_stable;dio_mcm_episode_0e7qvj1;young_intake_trace;83;1;0.460648;0.175355;0.496711;0.197747;0.089716;0.279527;0.470658;0.187948;0.1526;0.346743;softening_pull;aufnahme_entlasten;passive_suggestion_not_action
hoeren_leise|inner_effect_carried_unrest|dio_mcm_episode_0e7qvj1;hoeren_leise;inner_effect_carried_unrest;dio_mcm_episode_0e7qvj1;contact_loaded_intake;35;1;0.401251;0.2041;0.465693;0.207248;0.064075;0.306236;0.496946;0.164558;0.165011;0.321014;softening_pull;aufnahme_entlasten;passive_suggestion_not_action
hoeren_leise|inner_effect_stable|dio_mcm_episode_1ahj81f;hoeren_leise;inner_effect_stable;dio_mcm_episode_1ahj81f;young_intake_trace;25;1;0.455496;0.174585;0.468475;0.180873;0.078912;0.270591;0.466071;0.183426;0.143126;0.341769;softening_pull;aufnahme_entlasten;passive_suggestion_not_action
hoeren_leise|inner_effect_stable|dio_mcm_episode_1hdpu9s;hoeren_leise;inner_effect_stable;dio_mcm_episode_1hdpu9s;young_intake_trace;20;1;0.486205;0.164795;0.509928;0.168033;0.088283;0.253825;0.452559;0.195156;0.133617;0.354672;softening_pull;aufnahme_entlasten;passive_suggestion_not_action
hoeren_leise|inner_effect_carried_unrest|dio_mcm_episode_1hdpu9s;hoeren_leise;inner_effect_carried_unrest;dio_mcm_episode_1hdpu9s;young_intake_trace;5;1;0.382519;0.210692;0.432042;0.199273;0.059149;0.30754;0.500761;0.162999;0.162273;0.319299;softening_pull;aufnahme_entlasten;passive_suggestion_not_action
hoeren_leise|inner_effect_stable|dio_mcm_episode_1rxdw4p;hoeren_leise;inner_effect_stable;dio_mcm_episode_1rxdw4p;young_intake_trace;4;1;0.460634;0.175237;0.495382;0.194719;0.080098;0.277745;0.469698;0.187785;0.150905;0.346564;softening_pull;aufnahme_entlasten;passive_suggestion_not_action
hoeren_leise|inner_effect_carried_unrest|dio_mcm_episode_1ahj81f;hoeren_leise;inner_effect_carried_unrest;dio_mcm_episode_1ahj81f;contact_loaded_intake;3;1;0.384363;0.206738;0.42355;0.204756;0.052778;0.309068;0.500194;0.155786;0.1643;0.311364;softening_pull;aufnahme_entlasten;passive_suggestion_not_action
hoeren_leise|inner_effect_stable|dio_mcm_episode_1q3us3f;hoeren_leise;inner_effect_stable;dio_mcm_episode_1q3us3f;young_intake_trace;3;1;0.478476;0.175016;0.532788;0.176135;0.087129;0.263329;0.461162;0.196199;0.140628;0.355819;softening_pull;aufnahme_entlasten;passive_suggestion_not_action
hoeren_leise|inner_effect_stable|dio_mcm_episode_0mji3u6;hoeren_leise;inner_effect_stable;dio_mcm_episode_0mji3u6;young_intake_trace;2;1;0.454587;0.174668;0.485192;0.199081;0.077687;0.281308;0.471701;0.185232;0.153162;0.343755;softening_pull;aufnahme_entlasten;passive_suggestion_not_action
hoeren_leise|inner_effect_stable|dio_mcm_episode_0z748ck;hoeren_leise;inner_effect_stable;dio_mcm_episode_0z748ck;contact_loaded_intake;2;1;0.433632;0.180574;0.471855;0.238395;0.066798;0.31013;0.489683;0.172422;0.176261;0.329664;softening_pull;aufnahme_entlasten;passive_suggestion_not_action
hoeren_leise|inner_effect_carried_unrest|dio_mcm_episode_0jbl5pq;hoeren_leise;inner_effect_carried_unrest;dio_mcm_episode_0jbl5pq;young_intake_trace;1;1;0.472196;0.184532;0.537385;0.143194;0.086184;0.248633;0.45692;0.195369;0.12489;0.354906;softening_pull;aufnahme_entlasten;passive_suggestion_not_action
hoeren_leise|inner_effect_carried_unrest|dio_mcm_episode_0mji3u6;hoeren_leise;inner_effect_carried_unrest;dio_mcm_episode_0mji3u6;young_intake_trace;1;1;0.464479;0.190275;0.547501;0.158359;0.085773;0.260782;0.465471;0.194886;0.134666;0.354374;softening_pull;aufnahme_entlasten;passive_suggestion_not_action
hoeren_leise|inner_effect_carried_unrest|dio_mcm_episode_0mvt50o;hoeren_leise;inner_effect_carried_unrest;dio_mcm_episode_0mvt50o;contact_loaded_intake;1;1;0.412438;0.197769;0.471774;0.203507;0.062707;0.299787;0.490969;0.167749;0.161371;0.324524;softening_pull;aufnahme_entlasten;passive_suggestion_not_action
hoeren_leise|inner_effect_carried_unrest|dio_mcm_episode_0n5sqpn;hoeren_leise;inner_effect_carried_unrest;dio_mcm_episode_0n5sqpn;young_intake_trace;1;1;0.463695;0.185069;0.525552;0.15464;0.083387;0.257134;0.461971;0.192079;0.131319;0.351287;softening_pull;aufnahme_entlasten;passive_suggestion_not_action
hoeren_leise|inner_effect_carried_unrest|dio_mcm_episode_0q7j4gf;hoeren_leise;inner_effect_carried_unrest;dio_mcm_episode_0q7j4gf;young_intake_trace;1;1;0.376544;0.212854;0.41626;0.19198;0.055942;0.305234;0.500587;0.159791;0.158803;0.31577;softening_pull;aufnahme_entlasten;passive_suggestion_not_action
hoeren_leise|inner_effect_carried_unrest|dio_mcm_episode_0v93uai;hoeren_leise;inner_effect_carried_unrest;dio_mcm_episode_0v93uai;contact_loaded_intake;1;1;0.328492;0.230899;0.394488;0.250811;0.039126;0.354691;0.534629;0.140007;0.195671;0.294007;softening_pull;aufnahme_entlasten;passive_suggestion_not_action
hoeren_leise|inner_effect_carried_unrest|dio_mcm_episode_1jx2k4i;hoeren_leise;inner_effect_carried_unrest;dio_mcm_episode_1jx2k4i;contact_loaded_intake;1;1;0.327741;0.236418;0.396036;0.218245;0.039143;0.337813;0.527679;0.140027;0.179139;0.29403;softening_pull;aufnahme_entlasten;passive_suggestion_not_action
hoeren_leise|inner_effect_carried_unrest|dio_mcm_episode_1vfs1bz;hoeren_leise;inner_effect_carried_unrest;dio_mcm_episode_1vfs1bz;contact_loaded_intake;1;1;0.292257;0.255299;0.385759;0.227725;0.031459;0.35651;0.545346;0.130988;0.189074;0.284086;softening_pull;aufnahme_entlasten;passive_suggestion_not_action
hoeren_leise|inner_effect_stable|dio_mcm_episode_08fjvls;hoeren_leise;inner_effect_stable;dio_mcm_episode_08fjvls;young_intake_trace;1;1;0.414239;0.19167;0.418264;0.178378;0.063196;0.282976;0.480219;0.168324;0.146025;0.325157;softening_pull;aufnahme_entlasten;passive_suggestion_not_action
hoeren_leise|inner_effect_stable|dio_mcm_episode_0lne9ax;hoeren_leise;inner_effect_stable;dio_mcm_episode_0lne9ax;young_intake_trace;1;1;0.44335;0.17853;0.460778;0.181483;0.072976;0.274667;0.470114;0.17983;0.144448;0.337813;softening_pull;aufnahme_entlasten;passive_suggestion_not_action
hoeren_leise|inner_effect_stable|dio_mcm_episode_0qzjuvj;hoeren_leise;inner_effect_stable;dio_mcm_episode_0qzjuvj;contact_loaded_intake;1;1;0.454788;0.165993;0.459062;0.219637;0.06933;0.29036;0.473625;0.175541;0.162299;0.333095;softening_pull;aufnahme_entlasten;passive_suggestion_not_action
hoeren_leise|inner_effect_stable|dio_mcm_episode_0rbnu89;hoeren_leise;inner_effect_stable;dio_mcm_episode_0rbnu89;contact_loaded_intake;1;1;0.355915;0.217584;0.406856;0.243329;0.045515;0.340559;0.521546;0.147524;0.188227;0.302276;softening_pull;aufnahme_entlasten;passive_suggestion_not_action
hoeren_leise|inner_effect_tipping|dio_mcm_episode_0e7qvj1;hoeren_leise;inner_effect_tipping;dio_mcm_episode_0e7qvj1;contact_loaded_intake;1;1;0.097439;0.332245;0.33564;0.518622;0.0;0.588451;0.700855;0.082113;0.368303;0.230325;softening_pull;aufnahme_entlasten;passive_suggestion_not_action
sehen_abstand|inner_effect_stable|dio_mcm_episode_0ndgwx3;sehen_abstand;inner_effect_stable;dio_mcm_episode_0ndgwx3;young_intake_trace;1;1;0.544165;0.143421;0.538499;0.076665;0.419756;0.402522;0.165585;0.311336;0.078021;0.13247;focus_pull;aufnahme_vertiefen;passive_suggestion_not_action
sehen_fokus|inner_effect_stable|dio_mcm_episode_0e7qvj1;sehen_fokus;inner_effect_stable;dio_mcm_episode_0e7qvj1;young_intake_trace;281;1;0.546785;0.138929;0.529914;0.102151;0.45297;0.195262;0.170613;0.590882;0.090915;0.131971;sharpening_pull;aufnahme_vertiefen;passive_suggestion_not_action
sehen_fokus|inner_effect_stable|dio_mcm_episode_1hdpu9s;sehen_fokus;inner_effect_stable;dio_mcm_episode_1hdpu9s;young_intake_trace;73;1;0.548061;0.139042;0.529493;0.098706;0.428206;0.193051;0.169433;0.591113;0.089049;0.132224;sharpening_pull;aufnahme_vertiefen;passive_suggestion_not_action
sehen_fokus|inner_effect_stable|dio_mcm_episode_1ahj81f;sehen_fokus;inner_effect_stable;dio_mcm_episode_1ahj81f;young_intake_trace;46;1;0.537896;0.139976;0.50495;0.100325;0.420561;0.196347;0.172004;0.585931;0.090173;0.126524;sharpening_pull;aufnahme_vertiefen;passive_suggestion_not_action
sehen_fokus|inner_effect_stable|dio_mcm_episode_0mji3u6;sehen_fokus;inner_effect_stable;dio_mcm_episode_0mji3u6;young_intake_trace;11;1;0.508072;0.152158;0.49777;0.12984;0.410052;0.223317;0.191515;0.578508;0.109452;0.118359;sharpening_pull;aufnahme_vertiefen;passive_suggestion_not_action
sehen_fokus|inner_effect_stable|dio_mcm_episode_1rxdw4p;sehen_fokus;inner_effect_stable;dio_mcm_episode_1rxdw4p;young_intake_trace;10;1;0.562068;0.132733;0.537379;0.088701;0.424069;0.182422;0.161139;0.59514;0.081969;0.136654;sharpening_pull;aufnahme_vertiefen;passive_suggestion_not_action
sehen_fokus|inner_effect_carried_unrest|dio_mcm_episode_0e7qvj1;sehen_fokus;inner_effect_carried_unrest;dio_mcm_episode_0e7qvj1;young_intake_trace;7;1;0.475207;0.174203;0.505784;0.135317;0.404244;0.240182;0.209092;0.57224;0.117975;0.111464;sharpening_pull;aufnahme_vertiefen;passive_suggestion_not_action
sehen_fokus|inner_effect_stable|dio_mcm_episode_0qzjuvj;sehen_fokus;inner_effect_stable;dio_mcm_episode_0qzjuvj;young_intake_trace;7;1;0.55579;0.133883;0.522966;0.088884;0.421065;0.184169;0.16276;0.59203;0.082357;0.133233;sharpening_pull;aufnahme_vertiefen;passive_suggestion_not_action
sehen_fokus|inner_effect_stable|dio_mcm_episode_1jx2k4i;sehen_fokus;inner_effect_stable;dio_mcm_episode_1jx2k4i;young_intake_trace;7;1;0.499019;0.158416;0.446026;0.087525;0.402601;0.202736;0.183343;0.570307;0.087743;0.109338;sharpening_pull;aufnahme_vertiefen;passive_suggestion_not_action
sehen_fokus|inner_effect_stable|dio_mcm_episode_1q3us3f;sehen_fokus;inner_effect_stable;dio_mcm_episode_1q3us3f;young_intake_trace;4;1;0.570419;0.131565;0.555545;0.091653;0.426764;0.182058;0.160113;0.599158;0.0833;0.141073;sharpening_pull;aufnahme_vertiefen;passive_suggestion_not_action
sehen_fokus|inner_effect_stable|dio_mcm_episode_0jbl5pq;sehen_fokus;inner_effect_stable;dio_mcm_episode_0jbl5pq;young_intake_trace;3;1;0.573246;0.135351;0.551683;0.088151;0.426779;0.180671;0.160439;0.599316;0.082321;0.141248;sharpening_pull;aufnahme_vertiefen;passive_suggestion_not_action
sehen_fokus|inner_effect_stable|dio_mcm_episode_1rylps5;sehen_fokus;inner_effect_stable;dio_mcm_episode_1rylps5;young_intake_trace;3;1;0.491262;0.162452;0.494099;0.139566;0.405574;0.235626;0.202101;0.57437;0.117374;0.113806;sharpening_pull;aufnahme_vertiefen;passive_suggestion_not_action
sehen_fokus|inner_effect_stable|dio_mcm_episode_0v93uai;sehen_fokus;inner_effect_stable;dio_mcm_episode_0v93uai;young_intake_trace;2;1;0.48859;0.158732;0.451117;0.119627;0.40057;0.223477;0.194773;0.568624;0.105478;0.107486;sharpening_pull;aufnahme_vertiefen;passive_suggestion_not_action
sehen_fokus|inner_effect_stable|dio_mcm_episode_0z748ck;sehen_fokus;inner_effect_stable;dio_mcm_episode_0z748ck;young_intake_trace;2;1;0.574836;0.129173;0.554731;0.080923;0.427267;0.174207;0.155038;0.600032;0.076801;0.142035;sharpening_pull;aufnahme_vertiefen;passive_suggestion_not_action
sehen_fokus|inner_effect_stable|dio_mcm_episode_18n06fj;sehen_fokus;inner_effect_stable;dio_mcm_episode_18n06fj;young_intake_trace;2;1;0.552206;0.136855;0.542276;0.104297;0.421765;0.194738;0.169381;0.593558;0.091577;0.134914;sharpening_pull;aufnahme_vertiefen;passive_suggestion_not_action
sehen_fokus|inner_effect_carried_unrest|dio_mcm_episode_0ybhu2p;sehen_fokus;inner_effect_carried_unrest;dio_mcm_episode_0ybhu2p;young_intake_trace;1;1;0.385486;0.211508;0.419852;0.173591;0.377981;0.292379;0.252999;0.542189;0.148352;0.078408;sharpening_pull;aufnahme_vertiefen;passive_suggestion_not_action
sehen_fokus|inner_effect_carried_unrest|dio_mcm_episode_1ahj81f;sehen_fokus;inner_effect_carried_unrest;dio_mcm_episode_1ahj81f;young_intake_trace;1;1;0.393802;0.20856;0.420176;0.149684;0.379569;0.275957;0.243088;0.544058;0.134466;0.080463;sharpening_pull;aufnahme_vertiefen;passive_suggestion_not_action
sehen_fokus|inner_effect_carried_unrest|dio_mcm_episode_1hdpu9s;sehen_fokus;inner_effect_carried_unrest;dio_mcm_episode_1hdpu9s;young_intake_trace;1;1;0.391464;0.207984;0.424512;0.159167;0.379574;0.281719;0.246022;0.544064;0.139538;0.08047;sharpening_pull;aufnahme_vertiefen;passive_suggestion_not_action
sehen_fokus|inner_effect_stable|dio_mcm_episode_06ccuqv;sehen_fokus;inner_effect_stable;dio_mcm_episode_06ccuqv;young_intake_trace;1;1;0.552703;0.126697;0.500371;0.109772;0.417463;0.194556;0.166031;0.588639;0.092049;0.129503;sharpening_pull;aufnahme_vertiefen;passive_suggestion_not_action
sehen_fokus|inner_effect_stable|dio_mcm_episode_07llqq8;sehen_fokus;inner_effect_stable;dio_mcm_episode_07llqq8;contact_loaded_intake;1;1;0.38058;0.209113;0.424929;0.211134;0.371971;0.314274;0.263857;0.535119;0.168402;0.070631;sharpening_pull;aufnahme_vertiefen;passive_suggestion_not_action
sehen_fokus|inner_effect_stable|dio_mcm_episode_08fjvls;sehen_fokus;inner_effect_stable;dio_mcm_episode_08fjvls;young_intake_trace;1;1;0.534392;0.140444;0.506627;0.114328;0.414677;0.205287;0.176981;0.585361;0.097991;0.125898;sharpening_pull;aufnahme_vertiefen;passive_suggestion_not_action
sehen_fokus|inner_effect_stable|dio_mcm_episode_0l3i7ey;sehen_fokus;inner_effect_stable;dio_mcm_episode_0l3i7ey;young_intake_trace;1;1;0.552219;0.129158;0.515304;0.107244;0.418896;0.193981;0.166542;0.590325;0.091274;0.131357;sharpening_pull;aufnahme_vertiefen;passive_suggestion_not_action
sehen_fokus|inner_effect_stable|dio_mcm_episode_0lg3agd;sehen_fokus;inner_effect_stable;dio_mcm_episode_0lg3agd;young_intake_trace;1;1;0.49518;0.154595;0.45076;0.122329;0.401646;0.222378;0.192522;0.570031;0.10593;0.109034;sharpening_pull;aufnahme_vertiefen;passive_suggestion_not_action
sehen_fokus|inner_effect_stable|dio_mcm_episode_0lne9ax;sehen_fokus;inner_effect_stable;dio_mcm_episode_0lne9ax;young_intake_trace;1;1;0.478945;0.160843;0.447555;0.139059;0.398283;0.23732;0.203156;0.566075;0.116693;0.104682;sharpening_pull;aufnahme_vertiefen;passive_suggestion_not_action
sehen_fokus|inner_effect_stable|dio_mcm_episode_0mlk2ts;sehen_fokus;inner_effect_stable;dio_mcm_episode_0mlk2ts;young_intake_trace;1;1;0.569136;0.122233;0.519278;0.089352;0.422465;0.178014;0.155124;0.594523;0.079702;0.135976;sharpening_pull;aufnahme_vertiefen;passive_suggestion_not_action
sehen_fokus|inner_effect_stable|dio_mcm_episode_0ultars;sehen_fokus;inner_effect_stable;dio_mcm_episode_0ultars;young_intake_trace;1;1;0.554522;0.137667;0.542887;0.085016;0.42214;0.183402;0.163635;0.594141;0.081176;0.135555;sharpening_pull;aufnahme_vertiefen;passive_suggestion_not_action
sehen_fokus|inner_effect_stable|dio_mcm_episode_0y1i8dq;sehen_fokus;inner_effect_stable;dio_mcm_episode_0y1i8dq;young_intake_trace;1;1;0.499238;0.155574;0.48378;0.112625;0.405773;0.216267;0.18944;0.574886;0.100837;0.114375;sharpening_pull;aufnahme_vertiefen;passive_suggestion_not_action
sehen_fokus|inner_effect_stable|dio_mcm_episode_1bcj8qx;sehen_fokus;inner_effect_stable;dio_mcm_episode_1bcj8qx;young_intake_trace;1;1;0.588646;0.111994;0.508399;0.058958;0.425004;0.15325;0.13795;0.59751;0.060425;0.139261;sharpening_pull;aufnahme_vertiefen;passive_suggestion_not_action
sehen_fokus|inner_effect_stable|dio_mcm_episode_1f1rr0n;sehen_fokus;inner_effect_stable;dio_mcm_episode_1f1rr0n;young_intake_trace;1;1;0.555565;0.125142;0.468309;0.056374;0.414728;0.162668;0.148853;0.585421;0.062291;0.125964;sharpening_pull;aufnahme_vertiefen;passive_suggestion_not_action
hoeren_hin|inner_effect_stable|dio_mcm_episode_0e7qvj1;hoeren_hin;inner_effect_stable;dio_mcm_episode_0e7qvj1;young_intake_trace;296;1;0.568162;0.134883;0.547879;0.063755;0.1406;0.167477;0.153737;0.217741;0.068786;0.719515;stable_listening_pull;aufnahme_vertiefen;passive_suggestion_not_action
hoeren_hin|inner_effect_stable|dio_mcm_episode_1hdpu9s;hoeren_hin;inner_effect_stable;dio_mcm_episode_1hdpu9s;young_intake_trace;80;1;0.56828;0.134249;0.545606;0.062817;0.11447;0.16671;0.153131;0.217494;0.068112;0.719244;stable_listening_pull;aufnahme_vertiefen;passive_suggestion_not_action
ausgeglichen|inner_effect_stable|dio_mcm_episode_0e7qvj1;ausgeglichen;inner_effect_stable;dio_mcm_episode_0e7qvj1;young_intake_trace;79;1;0.531214;0.153865;0.552801;0.115183;0.228153;0.210707;0.184231;0.210203;0.101817;0.231224;stable_listening_pull;aufnahme_vertiefen;passive_suggestion_not_action
hoeren_hin|inner_effect_stable|dio_mcm_episode_1ahj81f;hoeren_hin;inner_effect_stable;dio_mcm_episode_1ahj81f;young_intake_trace;47;1;0.553129;0.137088;0.51576;0.066237;0.104633;0.172665;0.157965;0.21058;0.070702;0.711638;stable_listening_pull;aufnahme_vertiefen;passive_suggestion_not_action
ausgeglichen|inner_effect_stable|dio_mcm_episode_1hdpu9s;ausgeglichen;inner_effect_stable;dio_mcm_episode_1hdpu9s;young_intake_trace;35;1;0.526949;0.153264;0.541541;0.117064;0.220927;0.212466;0.18519;0.207914;0.102701;0.228705;stable_listening_pull;aufnahme_vertiefen;passive_suggestion_not_action
hoeren_hin|inner_effect_stable|dio_mcm_episode_1q3us3f;hoeren_hin;inner_effect_stable;dio_mcm_episode_1q3us3f;young_intake_trace;22;1;0.572533;0.1353;0.562629;0.064846;0.110042;0.167353;0.153561;0.220473;0.06949;0.72252;stable_listening_pull;aufnahme_vertiefen;passive_suggestion_not_action
hoeren_hin|inner_effect_stable|dio_mcm_episode_1jx2k4i;hoeren_hin;inner_effect_stable;dio_mcm_episode_1jx2k4i;young_intake_trace;16;1;0.556313;0.134895;0.508176;0.060836;0.100734;0.168202;0.154778;0.21037;0.067184;0.711407;stable_listening_pull;aufnahme_vertiefen;passive_suggestion_not_action
hoeren_hin|inner_effect_stable|dio_mcm_episode_0mji3u6;hoeren_hin;inner_effect_stable;dio_mcm_episode_0mji3u6;young_intake_trace;13;1;0.569249;0.132664;0.543414;0.056115;0.106388;0.162141;0.150206;0.217444;0.064029;0.719189;stable_listening_pull;aufnahme_vertiefen;passive_suggestion_not_action
ausgeglichen|inner_effect_stable|dio_mcm_episode_1ahj81f;ausgeglichen;inner_effect_stable;dio_mcm_episode_1ahj81f;young_intake_trace;12;1;0.52893;0.144833;0.509714;0.112937;0.215291;0.206994;0.179565;0.20453;0.098324;0.224983;stable_listening_pull;aufnahme_vertiefen;passive_suggestion_not_action
ausgeglichen|inner_effect_stable|dio_mcm_episode_1q3us3f;ausgeglichen;inner_effect_stable;dio_mcm_episode_1q3us3f;young_intake_trace;11;1;0.537481;0.149357;0.556394;0.121704;0.221531;0.211759;0.182994;0.212013;0.104276;0.233214;stable_listening_pull;aufnahme_vertiefen;passive_suggestion_not_action
ausgeglichen|inner_effect_stable|dio_mcm_episode_1jx2k4i;ausgeglichen;inner_effect_stable;dio_mcm_episode_1jx2k4i;young_intake_trace;3;1;0.522448;0.143853;0.497846;0.126706;0.211788;0.215942;0.184252;0.20168;0.105652;0.221848;stable_listening_pull;aufnahme_vertiefen;passive_suggestion_not_action
hoeren_hin|inner_effect_stable|dio_mcm_episode_0jbl5pq;hoeren_hin;inner_effect_stable;dio_mcm_episode_0jbl5pq;young_intake_trace;3;1;0.578854;0.137941;0.560045;0.061458;0.10868;0.164957;0.152806;0.221553;0.068287;0.723709;stable_listening_pull;aufnahme_vertiefen;passive_suggestion_not_action
hoeren_hin|inner_effect_stable|dio_mcm_episode_0qzjuvj;hoeren_hin;inner_effect_stable;dio_mcm_episode_0qzjuvj;young_intake_trace;3;1;0.567804;0.136928;0.559828;0.068213;0.106592;0.170775;0.156115;0.219096;0.071749;0.721006;stable_listening_pull;aufnahme_vertiefen;passive_suggestion_not_action
ausgeglichen|inner_effect_stable|dio_mcm_episode_0mji3u6;ausgeglichen;inner_effect_stable;dio_mcm_episode_0mji3u6;young_intake_trace;2;1;0.525654;0.155287;0.557713;0.13862;0.218374;0.225813;0.192821;0.209569;0.115063;0.230526;stable_listening_pull;aufnahme_vertiefen;passive_suggestion_not_action
hoeren_hin|inner_effect_carried_unrest|dio_mcm_episode_0e7qvj1;hoeren_hin;inner_effect_carried_unrest;dio_mcm_episode_0e7qvj1;young_intake_trace;2;1;0.478343;0.174066;0.487054;0.089951;0.08232;0.213325;0.194956;0.190682;0.09299;0.68975;stable_listening_pull;aufnahme_vertiefen;passive_suggestion_not_action
hoeren_hin|inner_effect_stable|dio_mcm_episode_0hjnwsk;hoeren_hin;inner_effect_stable;dio_mcm_episode_0hjnwsk;young_intake_trace;2;1;0.594451;0.117151;0.546037;0.045083;0.110048;0.145711;0.135357;0.223304;0.054083;0.725634;stable_listening_pull;aufnahme_vertiefen;passive_suggestion_not_action
hoeren_hin|inner_effect_stable|dio_mcm_episode_0z748ck;hoeren_hin;inner_effect_stable;dio_mcm_episode_0z748ck;young_intake_trace;2;1;0.551543;0.147349;0.560712;0.083139;0.103521;0.186012;0.16823;0.215625;0.082564;0.717187;stable_listening_pull;aufnahme_vertiefen;passive_suggestion_not_action
hoeren_hin|inner_effect_stable|dio_mcm_episode_1rxdw4p;hoeren_hin;inner_effect_stable;dio_mcm_episode_1rxdw4p;young_intake_trace;2;1;0.577307;0.126119;0.543277;0.064638;0.106561;0.163335;0.148296;0.219201;0.067081;0.721121;stable_listening_pull;aufnahme_vertiefen;passive_suggestion_not_action
hoeren_hin|inner_effect_stable|dio_mcm_episode_1xp8xyu;hoeren_hin;inner_effect_stable;dio_mcm_episode_1xp8xyu;young_intake_trace;2;1;0.530065;0.141585;0.470519;0.061438;0.090305;0.176012;0.162415;0.200077;0.069187;0.700084;stable_listening_pull;aufnahme_vertiefen;passive_suggestion_not_action
ausgeglichen|inner_effect_stable|dio_mcm_episode_0z748ck;ausgeglichen;inner_effect_stable;dio_mcm_episode_0z748ck;young_intake_trace;1;1;0.526751;0.153012;0.535015;0.104482;0.216144;0.205166;0.181338;0.207087;0.095718;0.227796;stable_listening_pull;aufnahme_vertiefen;passive_suggestion_not_action
ausgeglichen|inner_effect_stable|dio_mcm_episode_1rxdw4p;ausgeglichen;inner_effect_stable;dio_mcm_episode_1rxdw4p;young_intake_trace;1;1;0.516822;0.165201;0.560755;0.112871;0.216913;0.215911;0.191332;0.207991;0.103379;0.228791;stable_listening_pull;aufnahme_vertiefen;passive_suggestion_not_action
ausgeglichen|inner_effect_stable|dio_mcm_episode_1xp8xyu;ausgeglichen;inner_effect_stable;dio_mcm_episode_1xp8xyu;young_intake_trace;1;1;0.552974;0.126586;0.495836;0.097059;0.217051;0.18713;0.162133;0.208155;0.085029;0.22897;stable_listening_pull;aufnahme_vertiefen;passive_suggestion_not_action
hoeren_hin|inner_effect_carried_unrest|dio_mcm_episode_1rxdw4p;hoeren_hin;inner_effect_carried_unrest;dio_mcm_episode_1rxdw4p;young_intake_trace;1;1;0.534164;0.142785;0.4861;0.03671;0.092541;0.161295;0.154941;0.202848;0.055887;0.703133;stable_listening_pull;aufnahme_vertiefen;passive_suggestion_not_action
hoeren_hin|inner_effect_stable|dio_mcm_episode_0393v08;hoeren_hin;inner_effect_stable;dio_mcm_episode_0393v08;young_intake_trace;1;1;0.509557;0.150191;0.450589;0.079001;0.084317;0.193054;0.175125;0.193173;0.080998;0.692491;stable_listening_pull;aufnahme_vertiefen;passive_suggestion_not_action
hoeren_hin|inner_effect_stable|dio_mcm_episode_06ccuqv;hoeren_hin;inner_effect_stable;dio_mcm_episode_06ccuqv;young_intake_trace;1;1;0.470699;0.171075;0.43604;0.085938;0.075567;0.211607;0.193542;0.182879;0.090035;0.681166;stable_listening_pull;aufnahme_vertiefen;passive_suggestion_not_action
hoeren_hin|inner_effect_stable|dio_mcm_episode_0k5jysn;hoeren_hin;inner_effect_stable;dio_mcm_episode_0k5jysn;young_intake_trace;1;1;0.604939;0.111584;0.544318;0.033815;0.111714;0.135304;0.127611;0.225405;0.046494;0.727945;stable_listening_pull;aufnahme_vertiefen;passive_suggestion_not_action
hoeren_hin|inner_effect_stable|dio_mcm_episode_0l3i7ey;hoeren_hin;inner_effect_stable;dio_mcm_episode_0l3i7ey;young_intake_trace;1;1;0.536203;0.158292;0.571607;0.093068;0.101644;0.198346;0.178954;0.213558;0.09076;0.714913;stable_listening_pull;aufnahme_vertiefen;passive_suggestion_not_action
hoeren_hin|inner_effect_stable|dio_mcm_episode_0n5sqpn;hoeren_hin;inner_effect_stable;dio_mcm_episode_0n5sqpn;young_intake_trace;1;1;0.522775;0.146516;0.493734;0.070084;0.09119;0.184054;0.168556;0.201259;0.075175;0.701384;stable_listening_pull;aufnahme_vertiefen;passive_suggestion_not_action
hoeren_hin|inner_effect_stable|dio_mcm_episode_0ppr02l;hoeren_hin;inner_effect_stable;dio_mcm_episode_0ppr02l;young_intake_trace;1;1;0.564526;0.120103;0.469204;0.038898;0.096495;0.149158;0.139752;0.2075;0.05142;0.70825;stable_listening_pull;aufnahme_vertiefen;passive_suggestion_not_action
hoeren_hin|inner_effect_stable|dio_mcm_episode_0ultars;hoeren_hin;inner_effect_stable;dio_mcm_episode_0ultars;young_intake_trace;1;1;0.558312;0.12734;0.466015;0.034067;0.095008;0.149941;0.142803;0.20575;0.050572;0.706325;stable_listening_pull;aufnahme_vertiefen;passive_suggestion_not_action
hoeren_hin|inner_effect_stable|dio_mcm_episode_0yx4mnl;hoeren_hin;inner_effect_stable;dio_mcm_episode_0yx4mnl;young_intake_trace;1;1;0.518224;0.144009;0.451197;0.058917;0.086;0.177735;0.164738;0.195153;0.068407;0.694668;stable_listening_pull;aufnahme_vertiefen;passive_suggestion_not_action
hoeren_hin|inner_effect_stable|dio_mcm_episode_1n9f8vr;hoeren_hin;inner_effect_stable;dio_mcm_episode_1n9f8vr;young_intake_trace;1;1;0.59424;0.117471;0.543058;0.044479;0.109585;0.145507;0.135365;0.2229;0.053831;0.72519;stable_listening_pull;aufnahme_vertiefen;passive_suggestion_not_action
hoeren_hin|inner_effect_stable|dio_mcm_episode_1o67xf8;hoeren_hin;inner_effect_stable;dio_mcm_episode_1o67xf8;young_intake_trace;1;1;0.564273;0.123207;0.507392;0.076464;0.100343;0.171875;0.152524;0.212027;0.072857;0.71323;stable_listening_pull;aufnahme_vertiefen;passive_suggestion_not_action
hoeren_hin|inner_effect_stable|dio_mcm_episode_1rylps5;hoeren_hin;inner_effect_stable;dio_mcm_episode_1rylps5;young_intake_trace;1;1;0.51503;0.147639;0.448544;0.05541;0.085132;0.177517;0.165957;0.194132;0.067385;0.693545;stable_listening_pull;aufnahme_vertiefen;passive_suggestion_not_action
hoeren_hin|inner_effect_stable|dio_mcm_episode_1y2gc2i;hoeren_hin;inner_effect_stable;dio_mcm_episode_1y2gc2i;young_intake_trace;1;1;0.520044;0.146029;0.452678;0.061496;0.086491;0.179498;0.166192;0.195731;0.07033;0.695304;stable_listening_pull;aufnahme_vertiefen;passive_suggestion_not_action
