token,short_token,L894_class,L894_weight,L894_duration,L894_world_span,L901_class,L901_weight,L901_duration,L901_world_span,L911_class,L911_weight,L911_duration,L911_world_span,class_sequence,weight_sequence,duration_sequence,world_span_sequence,trend,max_rank,weight_delta_total
dio_mcm_episode_0b7nep9,0b7nep9,starker_anschlussanker,35,470.942857,2,brueckenkern,228,85.149123,4,brueckenkern,141,107.063830,4,starker_anschlussanker -> brueckenkern -> brueckenkern,35 -> 228 -> 141,470.94 -> 85.15 -> 107.06,2 -> 4 -> 4,aufsteigende_verdichtung,4,106
dio_mcm_episode_0hjnwsk,0hjnwsk,schwacher_anschluss,6,2.166667,3,schwacher_anschluss,10,2.600000,4,brueckenkern,26,2.615385,4,schwacher_anschluss -> schwacher_anschluss -> brueckenkern,6 -> 10 -> 26,2.17 -> 2.60 -> 2.62,3 -> 4 -> 4,aufsteigende_verdichtung,4,20
dio_mcm_episode_0l3i7ey,0l3i7ey,schwacher_anschluss,1,2.000000,1,schwacher_anschluss,1,3.000000,1,brueckenkern,11,1.545454,3,schwacher_anschluss -> schwacher_anschluss -> brueckenkern,1 -> 1 -> 11,2.00 -> 3.00 -> 1.55,1 -> 1 -> 3,aufsteigende_verdichtung,4,10
dio_mcm_episode_17c7qwp,17c7qwp,schwacher_anschluss,1,1972.000000,1,schwacher_anschluss,1,375.000000,1,brueckenkern,9,48.777778,1,schwacher_anschluss -> schwacher_anschluss -> brueckenkern,1 -> 1 -> 9,1972.00 -> 375.00 -> 48.78,1 -> 1 -> 1,aufsteigende_verdichtung,4,8
dio_mcm_episode_0db07p4,0db07p4,brueckenkern,47,56.425532,5,brueckenkern,23,56.956522,3,brueckenkern,23,56.956522,3,brueckenkern -> brueckenkern -> brueckenkern,47 -> 23 -> 23,56.43 -> 56.96 -> 56.96,5 -> 3 -> 3,kernnah_gehalten,4,-24
dio_mcm_episode_0e7qvj1,0e7qvj1,brueckenkern,165,174.206061,5,brueckenkern,276,123.326087,6,brueckenkern,268,126.932836,6,brueckenkern -> brueckenkern -> brueckenkern,165 -> 276 -> 268,174.21 -> 123.33 -> 126.93,5 -> 6 -> 6,kernnah_gehalten,4,103
dio_mcm_episode_0jbl5pq,0jbl5pq,brueckenkern,27,2.259259,5,brueckenkern,31,2.548387,6,brueckenkern,32,2.500000,6,brueckenkern -> brueckenkern -> brueckenkern,27 -> 31 -> 32,2.26 -> 2.55 -> 2.50,5 -> 6 -> 6,kernnah_gehalten,4,5
dio_mcm_episode_0mji3u6,0mji3u6,brueckenkern,43,180.372093,5,brueckenkern,97,94.061856,6,brueckenkern,97,94.061856,6,brueckenkern -> brueckenkern -> brueckenkern,43 -> 97 -> 97,180.37 -> 94.06 -> 94.06,5 -> 6 -> 6,kernnah_gehalten,4,54
dio_mcm_episode_0qzjuvj,0qzjuvj,brueckenkern,28,2.571429,5,brueckenkern,33,2.666667,6,brueckenkern,29,2.551724,6,brueckenkern -> brueckenkern -> brueckenkern,28 -> 33 -> 29,2.57 -> 2.67 -> 2.55,5 -> 6 -> 6,kernnah_gehalten,4,1
dio_mcm_episode_0ykar6i,0ykar6i,schwacher_anschluss,3,699.666667,2,brueckenkern,215,71.018605,4,starker_anschlussanker,88,98.954546,4,schwacher_anschluss -> brueckenkern -> starker_anschlussanker,3 -> 215 -> 88,699.67 -> 71.02 -> 98.95,2 -> 4 -> 4,kernnah_gehalten,4,85
dio_mcm_episode_18l3thm,18l3thm,brueckenkern,110,77.900000,5,brueckenkern,171,55.426901,6,brueckenkern,159,47.685535,6,brueckenkern -> brueckenkern -> brueckenkern,110 -> 171 -> 159,77.90 -> 55.43 -> 47.69,5 -> 6 -> 6,kernnah_gehalten,4,49
dio_mcm_episode_18n06fj,18n06fj,brueckenkern,17,4.058824,3,brueckenkern,30,5.366667,5,brueckenkern,38,4.789474,5,brueckenkern -> brueckenkern -> brueckenkern,17 -> 30 -> 38,4.06 -> 5.37 -> 4.79,3 -> 5 -> 5,kernnah_gehalten,4,21
dio_mcm_episode_1joiyc3,1joiyc3,brueckenkern,74,138.824324,5,brueckenkern,101,146.900990,6,brueckenkern,66,211.060606,6,brueckenkern -> brueckenkern -> brueckenkern,74 -> 101 -> 66,138.82 -> 146.90 -> 211.06,5 -> 6 -> 6,kernnah_gehalten,4,-8
dio_mcm_episode_1jx2k4i,1jx2k4i,starker_anschlussanker,33,133.181818,5,brueckenkern,115,66.347826,6,starker_anschlussanker,35,159.657143,6,starker_anschlussanker -> brueckenkern -> starker_anschlussanker,33 -> 115 -> 35,133.18 -> 66.35 -> 159.66,5 -> 6 -> 6,kernnah_gehalten,4,2
dio_mcm_episode_1xx3u1e,1xx3u1e,lokaler_anschlussanker,12,15.000000,2,brueckenkern,49,125.081633,3,starker_anschlussanker,46,133.043478,3,lokaler_anschlussanker -> brueckenkern -> starker_anschlussanker,12 -> 49 -> 46,15.00 -> 125.08 -> 133.04,2 -> 3 -> 3,kernnah_gehalten,4,34
dio_mcm_episode_02ujuqf,02ujuqf,-,0,0.000000,0,brueckenkern,9,139.444444,3,schwacher_anschluss,3,412.333333,3,- -> brueckenkern -> schwacher_anschluss,0 -> 9 -> 3,0.00 -> 139.44 -> 412.33,0 -> 3 -> 3,rollendrift,4,3
dio_mcm_episode_0z748ck,0z748ck,lokaler_anschlussanker,22,59.454546,5,brueckenkern,26,9.153846,5,lokaler_anschlussanker,12,16.500000,5,lokaler_anschlussanker -> brueckenkern -> lokaler_anschlussanker,22 -> 26 -> 12,59.45 -> 9.15 -> 16.50,5 -> 5 -> 5,rollendrift,4,-10
dio_mcm_episode_14coypf,14coypf,-,0,0.000000,0,brueckenkern,57,100.070175,3,lokaler_anschlussanker,14,32.142857,3,- -> brueckenkern -> lokaler_anschlussanker,0 -> 57 -> 14,0.00 -> 100.07 -> 32.14,0 -> 3 -> 3,rollendrift,4,14
dio_mcm_episode_0v5p8er,0v5p8er,-,0,0.000000,0,schwacher_anschluss,2,596.500000,1,starker_anschlussanker,32,125.812500,3,- -> schwacher_anschluss -> starker_anschlussanker,0 -> 2 -> 32,0.00 -> 596.50 -> 125.81,0 -> 1 -> 3,aufsteigende_verdichtung,3,32
dio_mcm_episode_1jwnjz4,1jwnjz4,schwacher_anschluss,13,20.230769,1,starker_anschlussanker,59,94.762712,4,starker_anschlussanker,50,92.080000,4,schwacher_anschluss -> starker_anschlussanker -> starker_anschlussanker,13 -> 59 -> 50,20.23 -> 94.76 -> 92.08,1 -> 4 -> 4,aufsteigende_verdichtung,3,37
dio_mcm_episode_1q3us3f,1q3us3f,lokaler_anschlussanker,26,57.269231,3,starker_anschlussanker,39,59.589744,5,starker_anschlussanker,43,68.302326,5,lokaler_anschlussanker -> starker_anschlussanker -> starker_anschlussanker,26 -> 39 -> 43,57.27 -> 59.59 -> 68.30,3 -> 5 -> 5,aufsteigende_verdichtung,3,17
dio_mcm_episode_0ybr5e3,0ybr5e3,-,0,0.000000,0,starker_anschlussanker,41,112.365854,1,schwacher_anschluss,23,149.826087,1,- -> starker_anschlussanker -> schwacher_anschluss,0 -> 41 -> 23,0.00 -> 112.37 -> 149.83,0 -> 1 -> 1,rollendrift,3,23
dio_mcm_episode_1ahj81f,1ahj81f,schwacher_anschluss,1,32.000000,1,starker_anschlussanker,30,15.066667,5,schwacher_anschluss,3,11.333333,2,schwacher_anschluss -> starker_anschlussanker -> schwacher_anschluss,1 -> 30 -> 3,32.00 -> 15.07 -> 11.33,1 -> 5 -> 2,rollendrift,3,2
dio_mcm_episode_00nzcuc,00nzcuc,lokaler_anschlussanker,14,134.071429,2,schwacher_anschluss,1,353.000000,1,schwacher_anschluss,1,353.000000,1,lokaler_anschlussanker -> schwacher_anschluss -> schwacher_anschluss,14 -> 1 -> 1,134.07 -> 353.00 -> 353.00,2 -> 1 -> 1,absteigende_entlastung,2,-13
dio_mcm_episode_1hdpu9s,1hdpu9s,lokaler_anschlussanker,12,20.416667,2,schwacher_anschluss,11,18.727273,3,schwacher_anschluss,11,18.727273,3,lokaler_anschlussanker -> schwacher_anschluss -> schwacher_anschluss,12 -> 11 -> 11,20.42 -> 18.73 -> 18.73,2 -> 3 -> 3,absteigende_entlastung,2,-1
dio_mcm_episode_077r0df,077r0df,schwacher_anschluss,1,3.000000,1,lokaler_anschlussanker,16,10.000000,3,lokaler_anschlussanker,16,10.000000,3,schwacher_anschluss -> lokaler_anschlussanker -> lokaler_anschlussanker,1 -> 16 -> 16,3.00 -> 10.00 -> 10.00,1 -> 3 -> 3,aufsteigende_verdichtung,2,15
dio_mcm_episode_0om13wf,0om13wf,-,0,0.000000,0,-,0,0.000000,0,lokaler_anschlussanker,12,1.333333,2,- -> - -> lokaler_anschlussanker,0 -> 0 -> 12,0.00 -> 0.00 -> 1.33,0 -> 0 -> 2,aufsteigende_verdichtung,2,12
dio_mcm_episode_0w4x7xs,0w4x7xs,schwacher_anschluss,9,123.333333,1,lokaler_anschlussanker,18,50.500000,2,lokaler_anschlussanker,18,50.500000,2,schwacher_anschluss -> lokaler_anschlussanker -> lokaler_anschlussanker,9 -> 18 -> 18,123.33 -> 50.50 -> 50.50,1 -> 2 -> 2,aufsteigende_verdichtung,2,9
dio_mcm_episode_14l8khu,14l8khu,-,0,0.000000,0,lokaler_anschlussanker,13,37.461539,2,lokaler_anschlussanker,22,100.954545,3,- -> lokaler_anschlussanker -> lokaler_anschlussanker,0 -> 13 -> 22,0.00 -> 37.46 -> 100.95,0 -> 2 -> 3,aufsteigende_verdichtung,2,22
dio_mcm_episode_1al8fjz,1al8fjz,schwacher_anschluss,6,1.666667,2,lokaler_anschlussanker,14,1.571429,4,lokaler_anschlussanker,14,1.571429,4,schwacher_anschluss -> lokaler_anschlussanker -> lokaler_anschlussanker,6 -> 14 -> 14,1.67 -> 1.57 -> 1.57,2 -> 4 -> 4,aufsteigende_verdichtung,2,8
dio_mcm_episode_0geqqo3,0geqqo3,schwacher_anschluss,11,16.090909,2,lokaler_anschlussanker,22,45.227273,2,schwacher_anschluss,4,20.500000,2,schwacher_anschluss -> lokaler_anschlussanker -> schwacher_anschluss,11 -> 22 -> 4,16.09 -> 45.23 -> 20.50,2 -> 2 -> 2,rollendrift,2,-7
dio_mcm_episode_0wjn8vm,0wjn8vm,-,0,0.000000,0,lokaler_anschlussanker,14,310.285714,2,schwacher_anschluss,2,67.500000,1,- -> lokaler_anschlussanker -> schwacher_anschluss,0 -> 14 -> 2,0.00 -> 310.29 -> 67.50,0 -> 2 -> 1,rollendrift,2,2
dio_mcm_episode_04s5k7g,04s5k7g,schwacher_anschluss,2,20.000000,1,-,0,0.000000,0,-,0,0.000000,0,schwacher_anschluss -> - -> -,2 -> 0 -> 0,20.00 -> 0.00 -> 0.00,1 -> 0 -> 0,absteigende_entlastung,1,-2
dio_mcm_episode_0h9ka55,0h9ka55,schwacher_anschluss,1,733.000000,1,-,0,0.000000,0,-,0,0.000000,0,schwacher_anschluss -> - -> -,1 -> 0 -> 0,733.00 -> 0.00 -> 0.00,1 -> 0 -> 0,absteigende_entlastung,1,-1
dio_mcm_episode_0jatqr8,0jatqr8,schwacher_anschluss,1,2.000000,1,-,0,0.000000,0,-,0,0.000000,0,schwacher_anschluss -> - -> -,1 -> 0 -> 0,2.00 -> 0.00 -> 0.00,1 -> 0 -> 0,absteigende_entlastung,1,-1
dio_mcm_episode_0jdgxa5,0jdgxa5,schwacher_anschluss,1,2007.000000,1,-,0,0.000000,0,-,0,0.000000,0,schwacher_anschluss -> - -> -,1 -> 0 -> 0,2007.00 -> 0.00 -> 0.00,1 -> 0 -> 0,absteigende_entlastung,1,-1
dio_mcm_episode_0ldenly,0ldenly,schwacher_anschluss,1,3.000000,1,-,0,0.000000,0,-,0,0.000000,0,schwacher_anschluss -> - -> -,1 -> 0 -> 0,3.00 -> 0.00 -> 0.00,1 -> 0 -> 0,absteigende_entlastung,1,-1
dio_mcm_episode_0mqw5s3,0mqw5s3,schwacher_anschluss,2,49.000000,1,-,0,0.000000,0,-,0,0.000000,0,schwacher_anschluss -> - -> -,2 -> 0 -> 0,49.00 -> 0.00 -> 0.00,1 -> 0 -> 0,absteigende_entlastung,1,-2
dio_mcm_episode_0n22aiv,0n22aiv,schwacher_anschluss,1,1753.000000,1,-,0,0.000000,0,-,0,0.000000,0,schwacher_anschluss -> - -> -,1 -> 0 -> 0,1753.00 -> 0.00 -> 0.00,1 -> 0 -> 0,absteigende_entlastung,1,-1
dio_mcm_episode_0rz7ra9,0rz7ra9,schwacher_anschluss,1,2034.000000,1,-,0,0.000000,0,-,0,0.000000,0,schwacher_anschluss -> - -> -,1 -> 0 -> 0,2034.00 -> 0.00 -> 0.00,1 -> 0 -> 0,absteigende_entlastung,1,-1
dio_mcm_episode_0sxikqi,0sxikqi,schwacher_anschluss,1,283.000000,1,-,0,0.000000,0,-,0,0.000000,0,schwacher_anschluss -> - -> -,1 -> 0 -> 0,283.00 -> 0.00 -> 0.00,1 -> 0 -> 0,absteigende_entlastung,1,-1
dio_mcm_episode_0tosxof,0tosxof,schwacher_anschluss,1,1972.000000,1,-,0,0.000000,0,-,0,0.000000,0,schwacher_anschluss -> - -> -,1 -> 0 -> 0,1972.00 -> 0.00 -> 0.00,1 -> 0 -> 0,absteigende_entlastung,1,-1
dio_mcm_episode_0vszw6h,0vszw6h,schwacher_anschluss,1,3.000000,1,-,0,0.000000,0,-,0,0.000000,0,schwacher_anschluss -> - -> -,1 -> 0 -> 0,3.00 -> 0.00 -> 0.00,1 -> 0 -> 0,absteigende_entlastung,1,-1
dio_mcm_episode_1ej5zl7,1ej5zl7,schwacher_anschluss,1,532.000000,1,-,0,0.000000,0,-,0,0.000000,0,schwacher_anschluss -> - -> -,1 -> 0 -> 0,532.00 -> 0.00 -> 0.00,1 -> 0 -> 0,absteigende_entlastung,1,-1
dio_mcm_episode_1fej2vb,1fej2vb,schwacher_anschluss,1,2034.000000,1,-,0,0.000000,0,-,0,0.000000,0,schwacher_anschluss -> - -> -,1 -> 0 -> 0,2034.00 -> 0.00 -> 0.00,1 -> 0 -> 0,absteigende_entlastung,1,-1
dio_mcm_episode_1ggl8cd,1ggl8cd,schwacher_anschluss,2,2011.000000,2,-,0,0.000000,0,-,0,0.000000,0,schwacher_anschluss -> - -> -,2 -> 0 -> 0,2011.00 -> 0.00 -> 0.00,2 -> 0 -> 0,absteigende_entlastung,1,-2
dio_mcm_episode_1nw8bq9,1nw8bq9,schwacher_anschluss,2,2.500000,1,-,0,0.000000,0,-,0,0.000000,0,schwacher_anschluss -> - -> -,2 -> 0 -> 0,2.50 -> 0.00 -> 0.00,1 -> 0 -> 0,absteigende_entlastung,1,-2
dio_mcm_episode_1q3u8v6,1q3u8v6,schwacher_anschluss,1,2.000000,1,-,0,0.000000,0,-,0,0.000000,0,schwacher_anschluss -> - -> -,1 -> 0 -> 0,2.00 -> 0.00 -> 0.00,1 -> 0 -> 0,absteigende_entlastung,1,-1
dio_mcm_episode_1rzvd1k,1rzvd1k,schwacher_anschluss,2,232.000000,1,-,0,0.000000,0,-,0,0.000000,0,schwacher_anschluss -> - -> -,2 -> 0 -> 0,232.00 -> 0.00 -> 0.00,1 -> 0 -> 0,absteigende_entlastung,1,-2
dio_mcm_episode_01s42m6,01s42m6,-,0,0.000000,0,schwacher_anschluss,4,161.750000,2,schwacher_anschluss,4,161.750000,2,- -> schwacher_anschluss -> schwacher_anschluss,0 -> 4 -> 4,0.00 -> 161.75 -> 161.75,0 -> 2 -> 2,aufsteigende_verdichtung,1,4
dio_mcm_episode_06ccuqv,06ccuqv,-,0,0.000000,0,schwacher_anschluss,2,2.000000,2,schwacher_anschluss,2,2.000000,2,- -> schwacher_anschluss -> schwacher_anschluss,0 -> 2 -> 2,0.00 -> 2.00 -> 2.00,0 -> 2 -> 2,aufsteigende_verdichtung,1,2
dio_mcm_episode_079228h,079228h,-,0,0.000000,0,schwacher_anschluss,1,1.000000,1,schwacher_anschluss,1,1.000000,1,- -> schwacher_anschluss -> schwacher_anschluss,0 -> 1 -> 1,0.00 -> 1.00 -> 1.00,0 -> 1 -> 1,aufsteigende_verdichtung,1,1
dio_mcm_episode_080f74u,080f74u,-,0,0.000000,0,schwacher_anschluss,1,3.000000,1,schwacher_anschluss,1,3.000000,1,- -> schwacher_anschluss -> schwacher_anschluss,0 -> 1 -> 1,0.00 -> 3.00 -> 3.00,0 -> 1 -> 1,aufsteigende_verdichtung,1,1
dio_mcm_episode_0ag2osp,0ag2osp,-,0,0.000000,0,schwacher_anschluss,1,1.000000,1,schwacher_anschluss,1,1.000000,1,- -> schwacher_anschluss -> schwacher_anschluss,0 -> 1 -> 1,0.00 -> 1.00 -> 1.00,0 -> 1 -> 1,aufsteigende_verdichtung,1,1
dio_mcm_episode_0apubpm,0apubpm,-,0,0.000000,0,-,0,0.000000,0,schwacher_anschluss,1,1.000000,1,- -> - -> schwacher_anschluss,0 -> 0 -> 1,0.00 -> 0.00 -> 1.00,0 -> 0 -> 1,aufsteigende_verdichtung,1,1
dio_mcm_episode_0d40zcv,0d40zcv,-,0,0.000000,0,schwacher_anschluss,1,88.000000,1,schwacher_anschluss,1,88.000000,1,- -> schwacher_anschluss -> schwacher_anschluss,0 -> 1 -> 1,0.00 -> 88.00 -> 88.00,0 -> 1 -> 1,aufsteigende_verdichtung,1,1
dio_mcm_episode_0dxi31r,0dxi31r,-,0,0.000000,0,schwacher_anschluss,1,2.000000,1,schwacher_anschluss,1,2.000000,1,- -> schwacher_anschluss -> schwacher_anschluss,0 -> 1 -> 1,0.00 -> 2.00 -> 2.00,0 -> 1 -> 1,aufsteigende_verdichtung,1,1
dio_mcm_episode_0htnihj,0htnihj,-,0,0.000000,0,-,0,0.000000,0,schwacher_anschluss,1,2.000000,1,- -> - -> schwacher_anschluss,0 -> 0 -> 1,0.00 -> 0.00 -> 2.00,0 -> 0 -> 1,aufsteigende_verdichtung,1,1
dio_mcm_episode_0i7gfxw,0i7gfxw,-,0,0.000000,0,-,0,0.000000,0,schwacher_anschluss,1,3.000000,1,- -> - -> schwacher_anschluss,0 -> 0 -> 1,0.00 -> 0.00 -> 3.00,0 -> 0 -> 1,aufsteigende_verdichtung,1,1
dio_mcm_episode_0jkg1dk,0jkg1dk,-,0,0.000000,0,schwacher_anschluss,1,1.000000,1,schwacher_anschluss,1,1.000000,1,- -> schwacher_anschluss -> schwacher_anschluss,0 -> 1 -> 1,0.00 -> 1.00 -> 1.00,0 -> 1 -> 1,aufsteigende_verdichtung,1,1
dio_mcm_episode_0jzhgzp,0jzhgzp,-,0,0.000000,0,schwacher_anschluss,1,2003.000000,1,schwacher_anschluss,1,2003.000000,1,- -> schwacher_anschluss -> schwacher_anschluss,0 -> 1 -> 1,0.00 -> 2003.00 -> 2003.00,0 -> 1 -> 1,aufsteigende_verdichtung,1,1
dio_mcm_episode_0ldht3x,0ldht3x,-,0,0.000000,0,schwacher_anschluss,1,1.000000,1,schwacher_anschluss,4,1.250000,3,- -> schwacher_anschluss -> schwacher_anschluss,0 -> 1 -> 4,0.00 -> 1.00 -> 1.25,0 -> 1 -> 3,aufsteigende_verdichtung,1,4
dio_mcm_episode_0li6lg1,0li6lg1,-,0,0.000000,0,schwacher_anschluss,2,243.000000,1,schwacher_anschluss,1,471.000000,1,- -> schwacher_anschluss -> schwacher_anschluss,0 -> 2 -> 1,0.00 -> 243.00 -> 471.00,0 -> 1 -> 1,aufsteigende_verdichtung,1,1
dio_mcm_episode_0mvjoir,0mvjoir,-,0,0.000000,0,-,0,0.000000,0,schwacher_anschluss,6,1.000000,1,- -> - -> schwacher_anschluss,0 -> 0 -> 6,0.00 -> 0.00 -> 1.00,0 -> 0 -> 1,aufsteigende_verdichtung,1,6
dio_mcm_episode_0n5sqpn,0n5sqpn,-,0,0.000000,0,-,0,0.000000,0,schwacher_anschluss,1,1.000000,1,- -> - -> schwacher_anschluss,0 -> 0 -> 1,0.00 -> 0.00 -> 1.00,0 -> 0 -> 1,aufsteigende_verdichtung,1,1
dio_mcm_episode_0qhiq5e,0qhiq5e,-,0,0.000000,0,-,0,0.000000,0,schwacher_anschluss,1,1.000000,1,- -> - -> schwacher_anschluss,0 -> 0 -> 1,0.00 -> 0.00 -> 1.00,0 -> 0 -> 1,aufsteigende_verdichtung,1,1
dio_mcm_episode_0qhs6nb,0qhs6nb,-,0,0.000000,0,-,0,0.000000,0,schwacher_anschluss,2,1.000000,1,- -> - -> schwacher_anschluss,0 -> 0 -> 2,0.00 -> 0.00 -> 1.00,0 -> 0 -> 1,aufsteigende_verdichtung,1,2
dio_mcm_episode_0r1o8ja,0r1o8ja,-,0,0.000000,0,-,0,0.000000,0,schwacher_anschluss,1,3.000000,1,- -> - -> schwacher_anschluss,0 -> 0 -> 1,0.00 -> 0.00 -> 3.00,0 -> 0 -> 1,aufsteigende_verdichtung,1,1
dio_mcm_episode_0sv0ru8,0sv0ru8,-,0,0.000000,0,schwacher_anschluss,1,3.000000,1,schwacher_anschluss,1,3.000000,1,- -> schwacher_anschluss -> schwacher_anschluss,0 -> 1 -> 1,0.00 -> 3.00 -> 3.00,0 -> 1 -> 1,aufsteigende_verdichtung,1,1
dio_mcm_episode_0t7i6fh,0t7i6fh,-,0,0.000000,0,schwacher_anschluss,1,578.000000,1,schwacher_anschluss,1,578.000000,1,- -> schwacher_anschluss -> schwacher_anschluss,0 -> 1 -> 1,0.00 -> 578.00 -> 578.00,0 -> 1 -> 1,aufsteigende_verdichtung,1,1
dio_mcm_episode_0tph7s0,0tph7s0,-,0,0.000000,0,schwacher_anschluss,2,600.000000,1,schwacher_anschluss,2,600.000000,1,- -> schwacher_anschluss -> schwacher_anschluss,0 -> 2 -> 2,0.00 -> 600.00 -> 600.00,0 -> 1 -> 1,aufsteigende_verdichtung,1,2
dio_mcm_episode_0u69u6w,0u69u6w,-,0,0.000000,0,schwacher_anschluss,1,1.000000,1,schwacher_anschluss,1,1.000000,1,- -> schwacher_anschluss -> schwacher_anschluss,0 -> 1 -> 1,0.00 -> 1.00 -> 1.00,0 -> 1 -> 1,aufsteigende_verdichtung,1,1
dio_mcm_episode_0ultars,0ultars,-,0,0.000000,0,-,0,0.000000,0,schwacher_anschluss,3,1.666667,2,- -> - -> schwacher_anschluss,0 -> 0 -> 3,0.00 -> 0.00 -> 1.67,0 -> 0 -> 2,aufsteigende_verdichtung,1,3
dio_mcm_episode_0vff3w6,0vff3w6,-,0,0.000000,0,-,0,0.000000,0,schwacher_anschluss,1,9.000000,1,- -> - -> schwacher_anschluss,0 -> 0 -> 1,0.00 -> 0.00 -> 9.00,0 -> 0 -> 1,aufsteigende_verdichtung,1,1
dio_mcm_episode_0vj3fzh,0vj3fzh,-,0,0.000000,0,-,0,0.000000,0,schwacher_anschluss,1,1.000000,1,- -> - -> schwacher_anschluss,0 -> 0 -> 1,0.00 -> 0.00 -> 1.00,0 -> 0 -> 1,aufsteigende_verdichtung,1,1
dio_mcm_episode_0xsq19y,0xsq19y,-,0,0.000000,0,schwacher_anschluss,1,1.000000,1,schwacher_anschluss,1,1.000000,1,- -> schwacher_anschluss -> schwacher_anschluss,0 -> 1 -> 1,0.00 -> 1.00 -> 1.00,0 -> 1 -> 1,aufsteigende_verdichtung,1,1
dio_mcm_episode_0y1i8dq,0y1i8dq,-,0,0.000000,0,-,0,0.000000,0,schwacher_anschluss,2,1.000000,1,- -> - -> schwacher_anschluss,0 -> 0 -> 2,0.00 -> 0.00 -> 1.00,0 -> 0 -> 1,aufsteigende_verdichtung,1,2
dio_mcm_episode_0ybhu2p,0ybhu2p,-,0,0.000000,0,-,0,0.000000,0,schwacher_anschluss,2,1.000000,1,- -> - -> schwacher_anschluss,0 -> 0 -> 2,0.00 -> 0.00 -> 1.00,0 -> 0 -> 1,aufsteigende_verdichtung,1,2
dio_mcm_episode_0zh3u1j,0zh3u1j,-,0,0.000000,0,schwacher_anschluss,1,832.000000,1,schwacher_anschluss,1,832.000000,1,- -> schwacher_anschluss -> schwacher_anschluss,0 -> 1 -> 1,0.00 -> 832.00 -> 832.00,0 -> 1 -> 1,aufsteigende_verdichtung,1,1
dio_mcm_episode_10mbxau,10mbxau,-,0,0.000000,0,schwacher_anschluss,1,1.000000,1,schwacher_anschluss,1,1.000000,1,- -> schwacher_anschluss -> schwacher_anschluss,0 -> 1 -> 1,0.00 -> 1.00 -> 1.00,0 -> 1 -> 1,aufsteigende_verdichtung,1,1
dio_mcm_episode_13cw75j,13cw75j,-,0,0.000000,0,schwacher_anschluss,1,1842.000000,1,schwacher_anschluss,1,1842.000000,1,- -> schwacher_anschluss -> schwacher_anschluss,0 -> 1 -> 1,0.00 -> 1842.00 -> 1842.00,0 -> 1 -> 1,aufsteigende_verdichtung,1,1
dio_mcm_episode_17eveju,17eveju,-,0,0.000000,0,schwacher_anschluss,1,931.000000,1,schwacher_anschluss,1,931.000000,1,- -> schwacher_anschluss -> schwacher_anschluss,0 -> 1 -> 1,0.00 -> 931.00 -> 931.00,0 -> 1 -> 1,aufsteigende_verdichtung,1,1
dio_mcm_episode_17rahh6,17rahh6,-,0,0.000000,0,-,0,0.000000,0,schwacher_anschluss,2,13.500000,1,- -> - -> schwacher_anschluss,0 -> 0 -> 2,0.00 -> 0.00 -> 13.50,0 -> 0 -> 1,aufsteigende_verdichtung,1,2
dio_mcm_episode_17wwyn1,17wwyn1,-,0,0.000000,0,-,0,0.000000,0,schwacher_anschluss,1,4.000000,1,- -> - -> schwacher_anschluss,0 -> 0 -> 1,0.00 -> 0.00 -> 4.00,0 -> 0 -> 1,aufsteigende_verdichtung,1,1
dio_mcm_episode_1a9sbfi,1a9sbfi,-,0,0.000000,0,schwacher_anschluss,1,1.000000,1,schwacher_anschluss,1,1.000000,1,- -> schwacher_anschluss -> schwacher_anschluss,0 -> 1 -> 1,0.00 -> 1.00 -> 1.00,0 -> 1 -> 1,aufsteigende_verdichtung,1,1
dio_mcm_episode_1aurt3q,1aurt3q,-,0,0.000000,0,schwacher_anschluss,1,3.000000,1,schwacher_anschluss,1,3.000000,1,- -> schwacher_anschluss -> schwacher_anschluss,0 -> 1 -> 1,0.00 -> 3.00 -> 3.00,0 -> 1 -> 1,aufsteigende_verdichtung,1,1
dio_mcm_episode_1ds636q,1ds636q,-,0,0.000000,0,schwacher_anschluss,3,41.000000,2,schwacher_anschluss,7,237.285714,2,- -> schwacher_anschluss -> schwacher_anschluss,0 -> 3 -> 7,0.00 -> 41.00 -> 237.29,0 -> 2 -> 2,aufsteigende_verdichtung,1,7
dio_mcm_episode_1eju9g0,1eju9g0,-,0,0.000000,0,schwacher_anschluss,20,42.150000,1,schwacher_anschluss,24,36.416667,1,- -> schwacher_anschluss -> schwacher_anschluss,0 -> 20 -> 24,0.00 -> 42.15 -> 36.42,0 -> 1 -> 1,aufsteigende_verdichtung,1,24
dio_mcm_episode_1gwv1sr,1gwv1sr,-,0,0.000000,0,-,0,0.000000,0,schwacher_anschluss,1,166.000000,1,- -> - -> schwacher_anschluss,0 -> 0 -> 1,0.00 -> 0.00 -> 166.00,0 -> 0 -> 1,aufsteigende_verdichtung,1,1
dio_mcm_episode_1hdvp5m,1hdvp5m,-,0,0.000000,0,schwacher_anschluss,1,532.000000,1,schwacher_anschluss,1,1.000000,1,- -> schwacher_anschluss -> schwacher_anschluss,0 -> 1 -> 1,0.00 -> 532.00 -> 1.00,0 -> 1 -> 1,aufsteigende_verdichtung,1,1
dio_mcm_episode_1hs3jsa,1hs3jsa,-,0,0.000000,0,-,0,0.000000,0,schwacher_anschluss,6,204.000000,2,- -> - -> schwacher_anschluss,0 -> 0 -> 6,0.00 -> 0.00 -> 204.00,0 -> 0 -> 2,aufsteigende_verdichtung,1,6
dio_mcm_episode_1i31hl0,1i31hl0,-,0,0.000000,0,-,0,0.000000,0,schwacher_anschluss,1,1.000000,1,- -> - -> schwacher_anschluss,0 -> 0 -> 1,0.00 -> 0.00 -> 1.00,0 -> 0 -> 1,aufsteigende_verdichtung,1,1
dio_mcm_episode_1jaecfa,1jaecfa,-,0,0.000000,0,schwacher_anschluss,1,1245.000000,1,schwacher_anschluss,1,1245.000000,1,- -> schwacher_anschluss -> schwacher_anschluss,0 -> 1 -> 1,0.00 -> 1245.00 -> 1245.00,0 -> 1 -> 1,aufsteigende_verdichtung,1,1
dio_mcm_episode_1jansx7,1jansx7,-,0,0.000000,0,schwacher_anschluss,1,2016.000000,1,schwacher_anschluss,1,2016.000000,1,- -> schwacher_anschluss -> schwacher_anschluss,0 -> 1 -> 1,0.00 -> 2016.00 -> 2016.00,0 -> 1 -> 1,aufsteigende_verdichtung,1,1
dio_mcm_episode_1k7xap1,1k7xap1,-,0,0.000000,0,-,0,0.000000,0,schwacher_anschluss,1,2.000000,1,- -> - -> schwacher_anschluss,0 -> 0 -> 1,0.00 -> 0.00 -> 2.00,0 -> 0 -> 1,aufsteigende_verdichtung,1,1
dio_mcm_episode_1morx8x,1morx8x,-,0,0.000000,0,-,0,0.000000,0,schwacher_anschluss,1,1.000000,1,- -> - -> schwacher_anschluss,0 -> 0 -> 1,0.00 -> 0.00 -> 1.00,0 -> 0 -> 1,aufsteigende_verdichtung,1,1
dio_mcm_episode_1n9f8vr,1n9f8vr,-,0,0.000000,0,schwacher_anschluss,2,2.000000,1,schwacher_anschluss,1,2.000000,1,- -> schwacher_anschluss -> schwacher_anschluss,0 -> 2 -> 1,0.00 -> 2.00 -> 2.00,0 -> 1 -> 1,aufsteigende_verdichtung,1,1
dio_mcm_episode_1t42af6,1t42af6,-,0,0.000000,0,schwacher_anschluss,4,312.250000,2,schwacher_anschluss,4,312.250000,2,- -> schwacher_anschluss -> schwacher_anschluss,0 -> 4 -> 4,0.00 -> 312.25 -> 312.25,0 -> 2 -> 2,aufsteigende_verdichtung,1,4
dio_mcm_episode_0ac3vc1,0ac3vc1,-,0,0.000000,0,schwacher_anschluss,1,2.000000,1,-,0,0.000000,0,- -> schwacher_anschluss -> -,0 -> 1 -> 0,0.00 -> 2.00 -> 0.00,0 -> 1 -> 0,rollendrift,1,0
dio_mcm_episode_0dgle71,0dgle71,-,0,0.000000,0,schwacher_anschluss,10,60.400000,1,-,0,0.000000,0,- -> schwacher_anschluss -> -,0 -> 10 -> 0,0.00 -> 60.40 -> 0.00,0 -> 1 -> 0,rollendrift,1,0
dio_mcm_episode_0jwgafx,0jwgafx,-,0,0.000000,0,schwacher_anschluss,1,3.000000,1,-,0,0.000000,0,- -> schwacher_anschluss -> -,0 -> 1 -> 0,0.00 -> 3.00 -> 0.00,0 -> 1 -> 0,rollendrift,1,0
dio_mcm_episode_0k7ekcr,0k7ekcr,-,0,0.000000,0,schwacher_anschluss,1,455.000000,1,-,0,0.000000,0,- -> schwacher_anschluss -> -,0 -> 1 -> 0,0.00 -> 455.00 -> 0.00,0 -> 1 -> 0,rollendrift,1,0
dio_mcm_episode_0w9dwz3,0w9dwz3,-,0,0.000000,0,schwacher_anschluss,2,26.500000,2,-,0,0.000000,0,- -> schwacher_anschluss -> -,0 -> 2 -> 0,0.00 -> 26.50 -> 0.00,0 -> 2 -> 0,rollendrift,1,0
dio_mcm_episode_14k61ms,14k61ms,-,0,0.000000,0,schwacher_anschluss,1,917.000000,1,-,0,0.000000,0,- -> schwacher_anschluss -> -,0 -> 1 -> 0,0.00 -> 917.00 -> 0.00,0 -> 1 -> 0,rollendrift,1,0
dio_mcm_episode_15cyz2v,15cyz2v,-,0,0.000000,0,schwacher_anschluss,1,757.000000,1,-,0,0.000000,0,- -> schwacher_anschluss -> -,0 -> 1 -> 0,0.00 -> 757.00 -> 0.00,0 -> 1 -> 0,rollendrift,1,0
dio_mcm_episode_1engxbn,1engxbn,-,0,0.000000,0,schwacher_anschluss,9,242.333333,2,-,0,0.000000,0,- -> schwacher_anschluss -> -,0 -> 9 -> 0,0.00 -> 242.33 -> 0.00,0 -> 2 -> 0,rollendrift,1,0
dio_mcm_episode_1n2f96o,1n2f96o,-,0,0.000000,0,schwacher_anschluss,1,3.000000,1,-,0,0.000000,0,- -> schwacher_anschluss -> -,0 -> 1 -> 0,0.00 -> 3.00 -> 0.00,0 -> 1 -> 0,rollendrift,1,0
dio_mcm_episode_1qqnvqf,1qqnvqf,-,0,0.000000,0,schwacher_anschluss,2,41.500000,2,-,0,0.000000,0,- -> schwacher_anschluss -> -,0 -> 2 -> 0,0.00 -> 41.50 -> 0.00,0 -> 2 -> 0,rollendrift,1,0
dio_mcm_episode_1x5cw2v,1x5cw2v,-,0,0.000000,0,schwacher_anschluss,1,4.000000,1,-,0,0.000000,0,- -> schwacher_anschluss -> -,0 -> 1 -> 0,0.00 -> 4.00 -> 0.00,0 -> 1 -> 0,rollendrift,1,0
dio_mcm_episode_1xm3b1l,1xm3b1l,-,0,0.000000,0,schwacher_anschluss,1,3.000000,1,-,0,0.000000,0,- -> schwacher_anschluss -> -,0 -> 1 -> 0,0.00 -> 3.00 -> 0.00,0 -> 1 -> 0,rollendrift,1,0
dio_mcm_episode_0393v08,0393v08,schwacher_anschluss,1,3.000000,1,schwacher_anschluss,1,3.000000,1,schwacher_anschluss,1,3.000000,1,schwacher_anschluss -> schwacher_anschluss -> schwacher_anschluss,1 -> 1 -> 1,3.00 -> 3.00 -> 3.00,1 -> 1 -> 1,stabile_rolle,1,0
dio_mcm_episode_05lquqm,05lquqm,schwacher_anschluss,4,2.000000,1,schwacher_anschluss,10,1.200000,1,schwacher_anschluss,10,1.200000,1,schwacher_anschluss -> schwacher_anschluss -> schwacher_anschluss,4 -> 10 -> 10,2.00 -> 1.20 -> 1.20,1 -> 1 -> 1,stabile_rolle,1,6
dio_mcm_episode_08ubq99,08ubq99,schwacher_anschluss,1,2.000000,1,schwacher_anschluss,1,1.000000,1,schwacher_anschluss,1,1.000000,1,schwacher_anschluss -> schwacher_anschluss -> schwacher_anschluss,1 -> 1 -> 1,2.00 -> 1.00 -> 1.00,1 -> 1 -> 1,stabile_rolle,1,0
dio_mcm_episode_0aztxel,0aztxel,schwacher_anschluss,3,1.333333,1,schwacher_anschluss,1,2.000000,1,schwacher_anschluss,7,2.428571,3,schwacher_anschluss -> schwacher_anschluss -> schwacher_anschluss,3 -> 1 -> 7,1.33 -> 2.00 -> 2.43,1 -> 1 -> 3,stabile_rolle,1,4
dio_mcm_episode_0dsrwv5,0dsrwv5,schwacher_anschluss,1,1.000000,1,schwacher_anschluss,1,1.000000,1,schwacher_anschluss,1,1.000000,1,schwacher_anschluss -> schwacher_anschluss -> schwacher_anschluss,1 -> 1 -> 1,1.00 -> 1.00 -> 1.00,1 -> 1 -> 1,stabile_rolle,1,0
dio_mcm_episode_0ej0lhx,0ej0lhx,schwacher_anschluss,1,2.000000,1,schwacher_anschluss,1,2.000000,1,schwacher_anschluss,1,2.000000,1,schwacher_anschluss -> schwacher_anschluss -> schwacher_anschluss,1 -> 1 -> 1,2.00 -> 2.00 -> 2.00,1 -> 1 -> 1,stabile_rolle,1,0
dio_mcm_episode_0fljihc,0fljihc,schwacher_anschluss,1,931.000000,1,schwacher_anschluss,2,100.000000,1,schwacher_anschluss,1,104.000000,1,schwacher_anschluss -> schwacher_anschluss -> schwacher_anschluss,1 -> 2 -> 1,931.00 -> 100.00 -> 104.00,1 -> 1 -> 1,stabile_rolle,1,0
dio_mcm_episode_0jlkrep,0jlkrep,schwacher_anschluss,2,1.000000,2,schwacher_anschluss,2,1.000000,1,schwacher_anschluss,2,1.000000,1,schwacher_anschluss -> schwacher_anschluss -> schwacher_anschluss,2 -> 2 -> 2,1.00 -> 1.00 -> 1.00,2 -> 1 -> 1,stabile_rolle,1,0
dio_mcm_episode_0lfde2c,0lfde2c,schwacher_anschluss,3,178.000000,1,schwacher_anschluss,1,4.000000,1,schwacher_anschluss,1,4.000000,1,schwacher_anschluss -> schwacher_anschluss -> schwacher_anschluss,3 -> 1 -> 1,178.00 -> 4.00 -> 4.00,1 -> 1 -> 1,stabile_rolle,1,-2
dio_mcm_episode_0lne9ax,0lne9ax,schwacher_anschluss,4,2.250000,4,schwacher_anschluss,6,3.000000,6,schwacher_anschluss,9,2.444444,6,schwacher_anschluss -> schwacher_anschluss -> schwacher_anschluss,4 -> 6 -> 9,2.25 -> 3.00 -> 2.44,4 -> 6 -> 6,stabile_rolle,1,5
dio_mcm_episode_0mm85pw,0mm85pw,schwacher_anschluss,2,1090.000000,1,schwacher_anschluss,5,655.600000,2,schwacher_anschluss,5,655.600000,2,schwacher_anschluss -> schwacher_anschluss -> schwacher_anschluss,2 -> 5 -> 5,1090.00 -> 655.60 -> 655.60,1 -> 2 -> 2,stabile_rolle,1,3
dio_mcm_episode_0mw7rev,0mw7rev,schwacher_anschluss,2,583.000000,1,schwacher_anschluss,5,669.200000,2,schwacher_anschluss,7,541.714286,2,schwacher_anschluss -> schwacher_anschluss -> schwacher_anschluss,2 -> 5 -> 7,583.00 -> 669.20 -> 541.71,1 -> 2 -> 2,stabile_rolle,1,5
dio_mcm_episode_0nuo9k1,0nuo9k1,schwacher_anschluss,1,21.000000,1,schwacher_anschluss,1,21.000000,1,schwacher_anschluss,1,21.000000,1,schwacher_anschluss -> schwacher_anschluss -> schwacher_anschluss,1 -> 1 -> 1,21.00 -> 21.00 -> 21.00,1 -> 1 -> 1,stabile_rolle,1,0
dio_mcm_episode_0t1ymth,0t1ymth,schwacher_anschluss,1,36.000000,1,schwacher_anschluss,1,36.000000,1,schwacher_anschluss,1,36.000000,1,schwacher_anschluss -> schwacher_anschluss -> schwacher_anschluss,1 -> 1 -> 1,36.00 -> 36.00 -> 36.00,1 -> 1 -> 1,stabile_rolle,1,0
dio_mcm_episode_10b8y4e,10b8y4e,schwacher_anschluss,1,20.000000,1,schwacher_anschluss,3,16.666667,2,schwacher_anschluss,3,16.666667,2,schwacher_anschluss -> schwacher_anschluss -> schwacher_anschluss,1 -> 3 -> 3,20.00 -> 16.67 -> 16.67,1 -> 2 -> 2,stabile_rolle,1,2
dio_mcm_episode_19dxnmz,19dxnmz,schwacher_anschluss,1,581.000000,1,schwacher_anschluss,1,581.000000,1,schwacher_anschluss,1,581.000000,1,schwacher_anschluss -> schwacher_anschluss -> schwacher_anschluss,1 -> 1 -> 1,581.00 -> 581.00 -> 581.00,1 -> 1 -> 1,stabile_rolle,1,0
dio_mcm_episode_19w9kxc,19w9kxc,schwacher_anschluss,2,934.500000,1,schwacher_anschluss,1,1119.000000,1,schwacher_anschluss,1,1119.000000,1,schwacher_anschluss -> schwacher_anschluss -> schwacher_anschluss,2 -> 1 -> 1,934.50 -> 1119.00 -> 1119.00,1 -> 1 -> 1,stabile_rolle,1,-1
dio_mcm_episode_1b3r4if,1b3r4if,schwacher_anschluss,1,2.000000,1,schwacher_anschluss,2,1.000000,1,schwacher_anschluss,2,1.000000,1,schwacher_anschluss -> schwacher_anschluss -> schwacher_anschluss,1 -> 2 -> 2,2.00 -> 1.00 -> 1.00,1 -> 1 -> 1,stabile_rolle,1,1
dio_mcm_episode_1f4jh6c,1f4jh6c,schwacher_anschluss,2,14.500000,1,schwacher_anschluss,1,76.000000,1,schwacher_anschluss,1,76.000000,1,schwacher_anschluss -> schwacher_anschluss -> schwacher_anschluss,2 -> 1 -> 1,14.50 -> 76.00 -> 76.00,1 -> 1 -> 1,stabile_rolle,1,-1
dio_mcm_episode_1i1sl4l,1i1sl4l,schwacher_anschluss,6,17.333333,2,schwacher_anschluss,9,3.555555,2,schwacher_anschluss,3,6.333333,1,schwacher_anschluss -> schwacher_anschluss -> schwacher_anschluss,6 -> 9 -> 3,17.33 -> 3.56 -> 6.33,2 -> 2 -> 1,stabile_rolle,1,-3
dio_mcm_episode_1k0rrn2,1k0rrn2,schwacher_anschluss,2,1.000000,1,schwacher_anschluss,4,1.000000,2,schwacher_anschluss,4,1.000000,2,schwacher_anschluss -> schwacher_anschluss -> schwacher_anschluss,2 -> 4 -> 4,1.00 -> 1.00 -> 1.00,1 -> 2 -> 2,stabile_rolle,1,2
dio_mcm_episode_1pmt8u2,1pmt8u2,schwacher_anschluss,1,1985.000000,1,schwacher_anschluss,3,714.000000,1,schwacher_anschluss,2,1029.000000,1,schwacher_anschluss -> schwacher_anschluss -> schwacher_anschluss,1 -> 3 -> 2,1985.00 -> 714.00 -> 1029.00,1 -> 1 -> 1,stabile_rolle,1,1
dio_mcm_episode_1y2gc2i,1y2gc2i,schwacher_anschluss,2,2.000000,2,schwacher_anschluss,4,2.000000,4,schwacher_anschluss,4,2.000000,4,schwacher_anschluss -> schwacher_anschluss -> schwacher_anschluss,2 -> 4 -> 4,2.00 -> 2.00 -> 2.00,2 -> 4 -> 4,stabile_rolle,1,2
