token,world,segment,start_tick,end_tick,duration,enter_from,exit_to,enter_role,current_start_role,current_end_role,exit_role,start_rekopplung,end_rekopplung,after_rekopplung,start_strain,end_strain,after_strain,start_loudness,end_loudness,after_loudness,start_blur,end_blur,after_blur,start_tension,end_tension,after_tension
dio_mcm_episode_00yl137,BTC2024_CROSS,1,2840,2842,3,dio_mcm_episode_0q2mdr0,dio_mcm_episode_0tv1tha,zentrum_stabil,spannungsrand_kippnaehe,offene_variante,zentrum_stabil,0.552889,0.670283,0.653971,0.34078,0.172366,0.174596,0.804184,0.11086,0.14597,0.773872,0.57001,0.643463,0.461527,0.096117,0.125556
dio_mcm_episode_00yl137,BTC2025_CROSS,1,5624,5624,1,dio_mcm_episode_1iq1hgz,dio_mcm_episode_0ultars,offene_variante,zentrum_stabil,zentrum_stabil,zentrum_stabil,0.707216,0.707216,0.686067,0.15911,0.15911,0.15611,0.152453,0.152453,0.237897,0.429955,0.429955,0.571633,0.107341,0.107341,0.15694
dio_mcm_episode_00yl137,BTC2025_CROSS,2,6584,6584,1,dio_mcm_episode_1iq1hgz,dio_mcm_episode_0ultars,offene_variante,zentrum_stabil,zentrum_stabil,zentrum_stabil,0.731459,0.731459,0.679652,0.121458,0.121458,0.143413,0.135063,0.135063,0.120402,0.183089,0.183089,0.230013,0.085807,0.085807,0.089188
dio_mcm_episode_00yl137,POS_STRESS,1,3679,3679,1,dio_mcm_episode_00er6t0,dio_mcm_episode_0uhmzrl,zentrum_stabil,offene_variante,offene_variante,offene_variante,0.589911,0.589911,0.598707,0.26999,0.26999,0.254674,0.507634,0.507634,0.28044,0.582704,0.582704,0.794428,0.283951,0.283951,0.195762
dio_mcm_episode_0om13wf,BTC2024_CROSS,1,806,806,1,dio_mcm_episode_1mesbjy,dio_mcm_episode_0q2mdr0,offene_variante,offene_variante,offene_variante,zentrum_stabil,0.659435,0.659435,0.67771,0.187625,0.187625,0.164312,0.279768,0.279768,0.262516,0.542005,0.542005,0.235703,0.171858,0.171858,0.14482
dio_mcm_episode_0om13wf,BTC2024_CROSS,2,1406,1407,2,dio_mcm_episode_0y1i8dq,dio_mcm_episode_0i7gfxw,zentrum_stabil,offene_variante,offene_variante,offene_variante,0.646385,0.667455,0.688275,0.203806,0.17991,0.182611,0.236077,0.247072,0.264632,0.592667,0.507596,0.417658,0.154242,0.147511,0.154545
dio_mcm_episode_0om13wf,BTC2024_CROSS,3,2463,2464,2,dio_mcm_episode_1i31hl0,dio_mcm_episode_0clehbn,offene_variante,zentrum_stabil,offene_variante,offene_variante,0.676993,0.697829,0.672574,0.156962,0.169582,0.191727,0.252304,0.122005,0.176046,0.347515,0.484544,0.535975,0.151496,0.09315,0.115572
dio_mcm_episode_0om13wf,BTC2024_CROSS,4,2564,2564,1,dio_mcm_episode_1i31hl0,dio_mcm_episode_0ne8zu9,offene_variante,zentrum_stabil,zentrum_stabil,zentrum_stabil,0.647049,0.647049,0.70818,0.186364,0.186364,0.157732,0.189884,0.189884,0.159695,0.630992,0.630992,0.492275,0.142166,0.142166,0.111941
dio_mcm_episode_0om13wf,BTC2025_CROSS,1,2333,2333,1,dio_mcm_episode_1iq1hgz,dio_mcm_episode_0q2mdr0,offene_variante,zentrum_stabil,zentrum_stabil,offene_variante,0.699944,0.699944,0.68369,0.164858,0.164858,0.178434,0.286984,0.286984,0.190911,0.210089,0.210089,0.461736,0.155192,0.155192,0.116458
dio_mcm_episode_0om13wf,BTC2025_CROSS,2,2757,2758,2,dio_mcm_episode_0r1o8ja,dio_mcm_episode_1i31hl0,offene_variante,offene_variante,zentrum_stabil,offene_variante,0.62096,0.700265,0.585676,0.221138,0.167207,0.275838,0.236444,0.183665,0.38759,0.621292,0.464584,0.631404,0.157277,0.12665,0.225415
dio_mcm_episode_0om13wf,BTC2025_CROSS,3,3464,3465,2,dio_mcm_episode_0q7skyc,dio_mcm_episode_0l3i7ey,offene_variante,offene_variante,offene_variante,zentrum_stabil,0.646741,0.660312,0.727518,0.193435,0.189949,0.136347,0.142635,0.317861,0.194944,0.550907,0.390951,0.210517,0.108234,0.17278,0.105349
dio_mcm_episode_0om13wf,BTC2025_CROSS,4,3635,3635,1,dio_mcm_episode_0y1i8dq,dio_mcm_episode_0ultars,zentrum_stabil,offene_variante,offene_variante,offene_variante,0.594764,0.594764,0.654421,0.256092,0.256092,0.214319,0.196669,0.196669,0.272626,0.643491,0.643491,0.525803,0.144271,0.144271,0.162139
dio_mcm_episode_0om13wf,BTC2025_CROSS,5,5461,5462,2,dio_mcm_episode_1iq1hgz,dio_mcm_episode_0ne8zu9,offene_variante,zentrum_stabil,zentrum_stabil,zentrum_stabil,0.678051,0.677693,0.681484,0.159548,0.152117,0.154794,0.292397,0.177198,0.251258,0.452133,0.450109,0.191704,0.184193,0.121867,0.146913
dio_mcm_episode_0om13wf,BTC2025_CROSS,6,6514,6515,2,dio_mcm_episode_0v93uai,dio_mcm_episode_06zvueu,zentrum_stabil,offene_variante,zentrum_stabil,zentrum_stabil,0.598755,0.648015,0.70231,0.239908,0.185653,0.121507,0.02528,0.138188,0.064446,0.784468,0.432597,0.443621,0.067891,0.103145,0.070772
dio_mcm_episode_0om13wf,SIDEWAYS,1,550,552,3,dio_mcm_episode_1mesbjy,dio_mcm_episode_0ne8zu9,offene_variante,zentrum_stabil,zentrum_stabil,zentrum_stabil,0.654171,0.684899,0.639465,0.175818,0.157264,0.197773,0.198707,0.296467,0.26168,0.378228,0.454424,0.482181,0.132015,0.180623,0.159372
dio_mcm_episode_0z748ck,BTC2024_CROSS,1,1272,1274,3,dio_mcm_episode_0qzjuvj,dio_mcm_episode_0e7qvj1,zentrum_stabil,zentrum_stabil,zentrum_stabil,offene_variante,0.704112,0.647129,0.706152,0.162517,0.201463,0.160308,0.119911,0.388014,0.130856,0.491944,0.207711,0.401592,0.092983,0.219358,0.08425
dio_mcm_episode_0z748ck,BTC2024_CROSS,2,2216,2218,3,dio_mcm_episode_0qzjuvj,dio_mcm_episode_0e7qvj1,zentrum_stabil,offene_variante,offene_variante,zentrum_stabil,0.678991,0.693493,0.693391,0.181067,0.178299,0.183835,0.279119,0.196478,0.342717,0.502278,0.488728,0.361094,0.163222,0.129075,0.190088
dio_mcm_episode_0z748ck,BTC2024_CROSS,3,2746,2748,3,dio_mcm_episode_0qzjuvj,dio_mcm_episode_0e7qvj1,zentrum_stabil,offene_variante,offene_variante,offene_variante,0.647451,0.671217,0.613728,0.20806,0.175538,0.234054,0.483982,0.145068,0.190233,0.272596,0.431537,0.696004,0.261751,0.101783,0.140667
dio_mcm_episode_0z748ck,BTC2024_CROSS,4,2930,2932,3,dio_mcm_episode_0hjnwsk,dio_mcm_episode_0e7qvj1,zentrum_stabil,zentrum_stabil,zentrum_stabil,zentrum_stabil,0.737077,0.707475,0.708558,0.117629,0.174304,0.161799,0.041034,0.309301,0.247574,0.305763,0.313589,0.261604,0.037745,0.173473,0.136752
dio_mcm_episode_0z748ck,BTC2024_CROSS,5,6074,6076,3,dio_mcm_episode_0qzjuvj,dio_mcm_episode_0e7qvj1,zentrum_stabil,zentrum_stabil,zentrum_stabil,zentrum_stabil,0.731991,0.705064,0.710766,0.116716,0.166869,0.16693,0.075286,0.281087,0.243708,0.248895,0.388732,0.258937,0.047613,0.155951,0.133299
dio_mcm_episode_0z748ck,BTC2024_CROSS,6,8359,8361,3,dio_mcm_episode_0qzjuvj,dio_mcm_episode_0e7qvj1,zentrum_stabil,zentrum_stabil,zentrum_stabil,zentrum_stabil,0.689857,0.727865,0.717133,0.185192,0.143586,0.163035,0.367643,0.113766,0.312492,0.375258,0.32861,0.288026,0.2119,0.071364,0.175491
dio_mcm_episode_0z748ck,BTC2024_CROSS,7,9390,9392,3,dio_mcm_episode_0qzjuvj,dio_mcm_episode_0e7qvj1,zentrum_stabil,zentrum_stabil,zentrum_stabil,zentrum_stabil,0.704766,0.723571,0.676822,0.158492,0.138085,0.192399,0.269751,0.096222,0.459012,0.464508,0.28117,0.260225,0.161748,0.063125,0.259401
dio_mcm_episode_0z748ck,BTC2025_CROSS,1,113,115,3,dio_mcm_episode_0qzjuvj,dio_mcm_episode_0e7qvj1,zentrum_stabil,offene_variante,zentrum_stabil,zentrum_stabil,0.63282,0.71356,0.698604,0.216584,0.124812,0.167118,0.372775,0.13052,0.252682,0.319119,0.311721,0.401099,0.20672,0.078979,0.151025
dio_mcm_episode_0z748ck,BTC2025_CROSS,2,474,476,3,dio_mcm_episode_0qzjuvj,dio_mcm_episode_0e7qvj1,offene_variante,zentrum_stabil,zentrum_stabil,zentrum_stabil,0.659833,0.699387,0.68187,0.16574,0.124079,0.145181,0.147811,0.076331,0.092569,0.341832,0.365492,0.539536,0.095753,0.064273,0.08202
dio_mcm_episode_0z748ck,BTC2025_CROSS,3,1407,1409,3,dio_mcm_episode_0qzjuvj,dio_mcm_episode_0e7qvj1,zentrum_stabil,zentrum_stabil,zentrum_stabil,zentrum_stabil,0.70622,0.718651,0.715343,0.123468,0.13765,0.156974,0.084033,0.088693,0.221037,0.277524,0.409715,0.384575,0.052548,0.071094,0.129667
dio_mcm_episode_0z748ck,BTC2025_CROSS,4,1435,1437,3,dio_mcm_episode_0insmke,dio_mcm_episode_0lfde2c,zentrum_stabil,zentrum_stabil,zentrum_stabil,zentrum_stabil,0.716857,0.690577,0.711512,0.144791,0.181268,0.134863,0.118201,0.391079,0.143182,0.385268,0.412635,0.388312,0.085644,0.234884,0.095164
dio_mcm_episode_0z748ck,BTC2025_CROSS,5,1474,1476,3,dio_mcm_episode_0qzjuvj,dio_mcm_episode_0e7qvj1,offene_variante,zentrum_stabil,zentrum_stabil,zentrum_stabil,0.714963,0.723387,0.702966,0.161056,0.152718,0.149906,0.250953,0.115679,0.205849,0.377754,0.365104,0.446854,0.147136,0.082457,0.131023
dio_mcm_episode_0z748ck,BTC2025_CROSS,6,2166,2168,3,dio_mcm_episode_0qzjuvj,dio_mcm_episode_0e7qvj1,zentrum_stabil,zentrum_stabil,zentrum_stabil,zentrum_stabil,0.721414,0.705698,0.705227,0.147489,0.162765,0.150697,0.159218,0.273417,0.126728,0.301669,0.409199,0.424261,0.09263,0.161615,0.090478
dio_mcm_episode_0z748ck,BTC2025_CROSS,7,3363,3365,3,dio_mcm_episode_0qzjuvj,dio_mcm_episode_0e7qvj1,zentrum_stabil,zentrum_stabil,zentrum_stabil,zentrum_stabil,0.732686,0.718409,0.731298,0.116051,0.163814,0.142689,0.104965,0.295119,0.108484,0.180913,0.32898,0.299936,0.06196,0.167579,0.065107
dio_mcm_episode_0z748ck,BTC2025_CROSS,8,3473,3475,3,dio_mcm_episode_0qzjuvj,dio_mcm_episode_0e7qvj1,zentrum_stabil,zentrum_stabil,offene_variante,zentrum_stabil,0.717753,0.687909,0.721466,0.160939,0.181725,0.111871,0.239417,0.177195,0.13229,0.357745,0.56436,0.227707,0.143884,0.124113,0.081149
dio_mcm_episode_0z748ck,BTC2025_CROSS,9,3549,3551,3,dio_mcm_episode_0qzjuvj,dio_mcm_episode_0e7qvj1,zentrum_stabil,zentrum_stabil,zentrum_stabil,zentrum_stabil,0.712528,0.724512,0.730206,0.149517,0.141347,0.130948,0.122071,0.16465,0.07468,0.426967,0.301378,0.271156,0.086472,0.091733,0.050436
dio_mcm_episode_0z748ck,BTC2025_CROSS,10,3918,3920,3,dio_mcm_episode_0qzjuvj,dio_mcm_episode_0e7qvj1,zentrum_stabil,zentrum_stabil,offene_variante,zentrum_stabil,0.668281,0.682282,0.728233,0.184215,0.17704,0.139901,0.427594,0.091318,0.107951,0.220541,0.571105,0.38315,0.237617,0.078726,0.080003
dio_mcm_episode_0z748ck,BTC2025_CROSS,11,4979,4981,3,dio_mcm_episode_0qzjuvj,dio_mcm_episode_0e7qvj1,offene_variante,zentrum_stabil,offene_variante,zentrum_stabil,0.71325,0.679238,0.721755,0.164,0.196427,0.151038,0.25524,0.384422,0.21563,0.409629,0.217175,0.19376,0.149669,0.217356,0.119081
dio_mcm_episode_0z748ck,BTC2025_CROSS,12,8304,8304,1,dio_mcm_episode_0qzjuvj,dio_mcm_episode_18n06fj,offene_variante,zentrum_stabil,zentrum_stabil,offene_variante,0.675268,0.675268,0.669356,0.156985,0.156985,0.204683,0.173302,0.173302,0.188112,0.47743,0.47743,0.639406,0.115201,0.115201,0.134568
dio_mcm_episode_0z748ck,NEG_STRESS,1,580,582,3,dio_mcm_episode_0qzjuvj,dio_mcm_episode_1rxdw4p,zentrum_stabil,zentrum_stabil,zentrum_stabil,zentrum_stabil,0.714041,0.730085,0.734284,0.156486,0.115847,0.114895,0.205722,0.138396,0.128338,0.341735,0.20831,0.220633,0.123468,0.077068,0.071601
dio_mcm_episode_0z748ck,NEG_STRESS,2,1140,1142,3,dio_mcm_episode_0qzjuvj,dio_mcm_episode_0e7qvj1,offene_variante,zentrum_stabil,zentrum_stabil,zentrum_stabil,0.717181,0.735691,0.72288,0.158057,0.136193,0.154828,0.143421,0.119394,0.148718,0.398524,0.285797,0.369515,0.098201,0.068874,0.096399
dio_mcm_episode_0z748ck,NEG_STRESS,3,3632,3634,3,dio_mcm_episode_0hjnwsk,dio_mcm_episode_0e7qvj1,zentrum_stabil,zentrum_stabil,zentrum_stabil,spannungsrand_kippnaehe,0.694899,0.722853,0.58086,0.179653,0.132764,0.304712,0.379275,0.091939,0.740442,0.400389,0.354649,0.293874,0.226339,0.064204,0.419156
dio_mcm_episode_0z748ck,NEG_STRESS,4,4383,4384,2,dio_mcm_episode_18n06fj,dio_mcm_episode_0e7qvj1,offene_variante,zentrum_stabil,zentrum_stabil,zentrum_stabil,0.713022,0.702877,0.706194,0.153049,0.173046,0.162256,0.18493,0.311787,0.168376,0.353404,0.378434,0.434622,0.109021,0.186633,0.112199
dio_mcm_episode_0z748ck,NEG_STRESS,5,5364,5366,3,dio_mcm_episode_0qzjuvj,dio_mcm_episode_1jwnjz4,zentrum_stabil,zentrum_stabil,zentrum_stabil,zentrum_stabil,0.722765,0.732926,0.726649,0.137869,0.124729,0.143124,0.224233,0.068685,0.108762,0.252196,0.283543,0.354761,0.121297,0.044593,0.067576
dio_mcm_episode_0z748ck,NEG_STRESS,6,6375,6377,3,dio_mcm_episode_0qzjuvj,dio_mcm_episode_0e7qvj1,zentrum_stabil,zentrum_stabil,zentrum_stabil,zentrum_stabil,0.737841,0.715128,0.719409,0.111725,0.147808,0.147634,0.058186,0.256411,0.222374,0.234391,0.299739,0.320589,0.037681,0.143332,0.121416
dio_mcm_episode_0z748ck,NEG_STRESS,7,6814,6816,3,dio_mcm_episode_0qzjuvj,dio_mcm_episode_0e7qvj1,zentrum_stabil,zentrum_stabil,zentrum_stabil,offene_variante,0.730912,0.695806,0.636977,0.141809,0.169818,0.229918,0.080501,0.284052,0.554079,0.350503,0.428755,0.308948,0.063425,0.168129,0.317146
dio_mcm_episode_0z748ck,POS_STRESS,1,71,71,1,dio_mcm_episode_0qzjuvj,dio_mcm_episode_10sv6w0,zentrum_stabil,zentrum_stabil,zentrum_stabil,zentrum_stabil,0.667778,0.667778,0.701181,0.16174,0.16174,0.143062,0.172974,0.172974,0.254903,0.285232,0.285232,0.293502,0.093629,0.093629,0.14152
dio_mcm_episode_0z748ck,POS_STRESS,2,1858,1860,3,dio_mcm_episode_0qzjuvj,dio_mcm_episode_0e7qvj1,zentrum_stabil,zentrum_stabil,zentrum_stabil,zentrum_stabil,0.68561,0.711556,0.722917,0.171431,0.122138,0.139272,0.356116,0.167529,0.185343,0.435404,0.29634,0.302417,0.210865,0.096532,0.10194
dio_mcm_episode_0z748ck,POS_STRESS,3,2680,2682,3,dio_mcm_episode_0qzjuvj,dio_mcm_episode_0e7qvj1,spannungsrand_kippnaehe,offene_variante,zentrum_stabil,zentrum_stabil,0.618063,0.703316,0.728535,0.237721,0.159639,0.120212,0.498843,0.162464,0.084846,0.503891,0.314243,0.281629,0.274065,0.099521,0.056059
dio_mcm_episode_0z748ck,POS_STRESS,4,2957,2959,3,dio_mcm_episode_0qzjuvj,dio_mcm_episode_0e7qvj1,zentrum_stabil,offene_variante,zentrum_stabil,offene_variante,0.705296,0.706469,0.709023,0.172101,0.164144,0.162231,0.195203,0.205501,0.201361,0.432479,0.247123,0.278118,0.120022,0.115457,0.114541
dio_mcm_episode_0z748ck,POS_STRESS,5,3166,3167,2,dio_mcm_episode_18n06fj,dio_mcm_episode_0e7qvj1,offene_variante,zentrum_stabil,zentrum_stabil,zentrum_stabil,0.708493,0.720809,0.728983,0.135742,0.141326,0.131756,0.254845,0.130908,0.057163,0.287797,0.279748,0.317237,0.139896,0.078102,0.043128
dio_mcm_episode_0z748ck,POS_STRESS,6,5489,5489,1,dio_mcm_episode_0qzjuvj,dio_mcm_episode_18n06fj,zentrum_stabil,offene_variante,offene_variante,offene_variante,0.652763,0.652763,0.682709,0.2098,0.2098,0.178195,0.343598,0.343598,0.11045,0.403233,0.403233,0.579036,0.191852,0.191852,0.088104
dio_mcm_episode_0z748ck,POS_STRESS,7,5491,5491,1,dio_mcm_episode_18n06fj,dio_mcm_episode_0e7qvj1,offene_variante,zentrum_stabil,zentrum_stabil,zentrum_stabil,0.717771,0.717771,0.72443,0.154772,0.154772,0.129624,0.217011,0.217011,0.228331,0.350601,0.350601,0.225811,0.130149,0.130149,0.125706
dio_mcm_episode_0z748ck,SIDEWAYS,1,304,304,1,dio_mcm_episode_1bcj8qx,dio_mcm_episode_1bcj8qx,zentrum_stabil,zentrum_stabil,zentrum_stabil,zentrum_stabil,0.674823,0.674823,0.712697,0.167372,0.167372,0.134858,0.262433,0.262433,0.137112,0.436969,0.436969,0.290393,0.146295,0.146295,0.080099
dio_mcm_episode_0z748ck,SIDEWAYS,2,560,561,2,dio_mcm_episode_18n06fj,dio_mcm_episode_0e7qvj1,zentrum_stabil,offene_variante,zentrum_stabil,zentrum_stabil,0.614405,0.718044,0.71505,0.24418,0.154469,0.10611,0.594468,0.162214,0.080006,0.545432,0.286301,0.249895,0.348764,0.090558,0.057306
dio_mcm_episode_0z748ck,SIDEWAYS,3,1024,1024,1,dio_mcm_episode_0yx4mnl,dio_mcm_episode_0e7qvj1,zentrum_stabil,zentrum_stabil,zentrum_stabil,zentrum_stabil,0.700551,0.700551,0.695964,0.173352,0.173352,0.165117,0.29504,0.29504,0.272337,0.390024,0.390024,0.329045,0.159699,0.159699,0.149596
dio_mcm_episode_0z748ck,SIDEWAYS,4,2697,2699,3,dio_mcm_episode_0qzjuvj,dio_mcm_episode_0e7qvj1,zentrum_stabil,zentrum_stabil,zentrum_stabil,offene_variante,0.680239,0.712788,0.656726,0.167426,0.154904,0.190732,0.314799,0.296037,0.344614,0.501143,0.252857,0.333796,0.183595,0.161355,0.187006
dio_mcm_episode_0z748ck,SIDEWAYS,5,4245,4247,3,dio_mcm_episode_0qzjuvj,dio_mcm_episode_0e7qvj1,zentrum_stabil,zentrum_stabil,zentrum_stabil,zentrum_stabil,0.707003,0.712506,0.70548,0.16934,0.152244,0.170262,0.195921,0.118204,0.335041,0.381244,0.428686,0.35642,0.118008,0.082329,0.198411
dio_mcm_episode_0z748ck,SIDEWAYS,6,6875,6877,3,dio_mcm_episode_0qzjuvj,dio_mcm_episode_0e7qvj1,zentrum_stabil,zentrum_stabil,zentrum_stabil,zentrum_stabil,0.719939,0.711412,0.728039,0.156461,0.15723,0.145029,0.22893,0.186392,0.128955,0.352909,0.324468,0.339224,0.136949,0.104531,0.079033
dio_mcm_episode_1hdpu9s,BTC2024_CROSS,1,1554,1758,205,dio_mcm_episode_0e7qvj1,dio_mcm_episode_0e7qvj1,zentrum_stabil,zentrum_stabil,zentrum_stabil,spannungsrand_kippnaehe,0.723373,0.725421,0.560942,0.109083,0.149856,0.322862,0.076828,0.119353,0.762268,0.275306,0.348985,0.323192,0.047544,0.078394,0.436015
dio_mcm_episode_1hdpu9s,BTC2024_CROSS,2,1786,1787,2,dio_mcm_episode_0e7qvj1,dio_mcm_episode_0e7qvj1,zentrum_stabil,zentrum_stabil,zentrum_stabil,offene_variante,0.717659,0.71825,0.62697,0.123698,0.154418,0.223646,0.076175,0.19863,0.512833,0.264994,0.360152,0.386807,0.047682,0.120863,0.293116
dio_mcm_episode_1hdpu9s,BTC2024_CROSS,3,1794,1798,5,dio_mcm_episode_0e7qvj1,dio_mcm_episode_0e7qvj1,zentrum_stabil,zentrum_stabil,zentrum_stabil,spannungsrand_kippnaehe,0.667562,0.733331,0.573875,0.170282,0.121948,0.307286,0.271355,0.116508,0.817354,0.190499,0.211813,0.448066,0.153377,0.064065,0.471964
dio_mcm_episode_1hdpu9s,BTC2024_CROSS,4,1811,2012,202,dio_mcm_episode_0e7qvj1,dio_mcm_episode_0e7qvj1,zentrum_stabil,zentrum_stabil,zentrum_stabil,zentrum_stabil,0.724984,0.698751,0.684295,0.111867,0.162966,0.156244,0.113367,0.252467,0.108106,0.209956,0.319725,0.587608,0.063702,0.142647,0.093458
dio_mcm_episode_1hdpu9s,BTC2024_CROSS,5,2038,2041,4,dio_mcm_episode_0e7qvj1,dio_mcm_episode_0e7qvj1,zentrum_stabil,zentrum_stabil,zentrum_stabil,offene_variante,0.722651,0.718267,0.685973,0.12748,0.157799,0.18339,0.152222,0.200736,0.200678,0.260747,0.254038,0.540412,0.083886,0.10897,0.13395
dio_mcm_episode_1hdpu9s,BTC2024_CROSS,6,3909,3913,5,dio_mcm_episode_0gqol8d,dio_mcm_episode_0gqol8d,spannungsrand_kippnaehe,offene_variante,zentrum_stabil,zentrum_stabil,0.673032,0.729238,0.736976,0.201475,0.123345,0.120172,0.378524,0.056155,0.055131,0.416735,0.261662,0.261626,0.217088,0.043091,0.038535
dio_mcm_episode_1hdpu9s,BTC2024_CROSS,7,3916,3983,68,dio_mcm_episode_0gqol8d,dio_mcm_episode_19a388p,offene_variante,offene_variante,zentrum_stabil,spannungsrand_kippnaehe,0.635953,0.715911,0.540202,0.210308,0.157164,0.355527,0.327528,0.152574,0.876435,0.355235,0.421165,0.372518,0.177999,0.10323,0.500606
dio_mcm_episode_1hdpu9s,BTC2025_CROSS,1,711,711,1,dio_mcm_episode_0e7qvj1,dio_mcm_episode_0e7qvj1,zentrum_stabil,zentrum_stabil,zentrum_stabil,spannungsrand_kippnaehe,0.700758,0.700758,0.571367,0.135867,0.135867,0.315915,0.25185,0.25185,0.809723,0.266411,0.266411,0.338136,0.140332,0.140332,0.470146
dio_mcm_episode_1hdpu9s,BTC2025_CROSS,2,731,733,3,dio_mcm_episode_0e7qvj1,dio_mcm_episode_0e7qvj1,zentrum_stabil,zentrum_stabil,offene_variante,zentrum_stabil,0.754112,0.600428,0.699553,0.129244,0.266563,0.180686,0.16729,0.692341,0.256641,0.206974,0.516446,0.412531,0.090915,0.406317,0.149049
dio_mcm_episode_1hdpu9s,BTC2025_CROSS,3,735,750,16,dio_mcm_episode_0e7qvj1,dio_mcm_episode_0e7qvj1,zentrum_stabil,zentrum_stabil,offene_variante,offene_variante,0.729026,0.631783,0.614427,0.125077,0.259925,0.247093,0.120853,0.483282,0.626487,0.346,0.576518,0.534215,0.077752,0.277619,0.347031
dio_mcm_episode_1hdpu9s,BTC2025_CROSS,4,848,848,1,dio_mcm_episode_0e7qvj1,dio_mcm_episode_0e7qvj1,zentrum_stabil,zentrum_stabil,zentrum_stabil,zentrum_stabil,0.709967,0.709967,0.657603,0.13482,0.13482,0.198815,0.196236,0.196236,0.497256,0.220703,0.220703,0.244738,0.109623,0.109623,0.287597
dio_mcm_episode_1hdpu9s,BTC2025_CROSS,5,850,980,131,dio_mcm_episode_0e7qvj1,dio_mcm_episode_1rxdw4p,zentrum_stabil,zentrum_stabil,zentrum_stabil,spannungsrand_kippnaehe,0.703253,0.716693,0.577098,0.145451,0.140574,0.306983,0.266001,0.183409,0.861239,0.216077,0.290362,0.326053,0.150244,0.10037,0.502731
dio_mcm_episode_1hdpu9s,BTC2025_CROSS,6,1066,1067,2,dio_mcm_episode_1q3us3f,dio_mcm_episode_1rxdw4p,zentrum_stabil,zentrum_stabil,zentrum_stabil,zentrum_stabil,0.707969,0.702916,0.709428,0.170836,0.167228,0.139615,0.288493,0.318834,0.256646,0.272405,0.371622,0.256398,0.161406,0.18993,0.144368
dio_mcm_episode_1hdpu9s,BTC2025_CROSS,7,1453,1453,1,dio_mcm_episode_1rxdw4p,dio_mcm_episode_1rxdw4p,zentrum_stabil,zentrum_stabil,zentrum_stabil,zentrum_stabil,0.713825,0.713825,0.723756,0.158876,0.158876,0.135711,0.203419,0.203419,0.166627,0.288338,0.288338,0.283699,0.111863,0.111863,0.094424
dio_mcm_episode_1hdpu9s,BTC2025_CROSS,8,1456,1461,6,dio_mcm_episode_1rxdw4p,dio_mcm_episode_0kvu3mb,zentrum_stabil,zentrum_stabil,zentrum_stabil,spannungsrand_kippnaehe,0.722596,0.704411,0.554876,0.140276,0.156262,0.342888,0.079772,0.307451,0.895104,0.329199,0.248886,0.375272,0.056455,0.173349,0.511856
dio_mcm_episode_1hdpu9s,BTC2025_CROSS,9,3035,3036,2,dio_mcm_episode_0e7qvj1,dio_mcm_episode_0e7qvj1,zentrum_stabil,zentrum_stabil,zentrum_stabil,offene_variante,0.73244,0.722849,0.597643,0.139973,0.13864,0.27037,0.122016,0.172882,0.680332,0.327081,0.376491,0.398649,0.079546,0.10783,0.393013
dio_mcm_episode_1hdpu9s,BTC2025_CROSS,10,3046,3246,201,dio_mcm_episode_0e7qvj1,dio_mcm_episode_1rxdw4p,zentrum_stabil,zentrum_stabil,zentrum_stabil,zentrum_stabil,0.728622,0.720433,0.732078,0.133246,0.140272,0.114039,0.135825,0.197825,0.042744,0.270362,0.28546,0.23572,0.076264,0.108053,0.029828
dio_mcm_episode_1hdpu9s,BTC2025_CROSS,11,3256,3256,1,dio_mcm_episode_1rxdw4p,dio_mcm_episode_1rxdw4p,zentrum_stabil,zentrum_stabil,zentrum_stabil,zentrum_stabil,0.727408,0.727408,0.700392,0.148371,0.148371,0.179824,0.087697,0.087697,0.356014,0.37901,0.37901,0.377996,0.068071,0.068071,0.212129
dio_mcm_episode_1hdpu9s,BTC2025_CROSS,12,3367,3371,5,dio_mcm_episode_0e7qvj1,dio_mcm_episode_1rxdw4p,zentrum_stabil,zentrum_stabil,zentrum_stabil,zentrum_stabil,0.736087,0.728961,0.727134,0.114144,0.132465,0.133502,0.09804,0.1107,0.211293,0.219038,0.3613,0.209767,0.058713,0.075349,0.117047
dio_mcm_episode_1hdpu9s,BTC2025_CROSS,13,3521,3522,2,dio_mcm_episode_0e7qvj1,dio_mcm_episode_1q3us3f,zentrum_stabil,zentrum_stabil,zentrum_stabil,zentrum_stabil,0.736163,0.733976,0.737609,0.123298,0.124305,0.109488,0.061065,0.144128,0.078533,0.297331,0.240846,0.22083,0.042928,0.080164,0.048989
dio_mcm_episode_1hdpu9s,BTC2025_CROSS,14,3533,3536,4,dio_mcm_episode_1q3us3f,dio_mcm_episode_0zbhkta,zentrum_stabil,zentrum_stabil,zentrum_stabil,spannungsrand_kippnaehe,0.684767,0.706975,0.549154,0.175428,0.134015,0.343347,0.312705,0.211976,0.849732,0.316209,0.242678,0.303763,0.173489,0.118082,0.486844
dio_mcm_episode_1hdpu9s,BTC2025_CROSS,15,4441,4443,3,dio_mcm_episode_1rxdw4p,dio_mcm_episode_1rxdw4p,zentrum_stabil,zentrum_stabil,zentrum_stabil,zentrum_stabil,0.721437,0.737225,0.721599,0.156362,0.134564,0.148003,0.10664,0.105995,0.247651,0.382863,0.293725,0.307028,0.078632,0.062755,0.136509
dio_mcm_episode_1hdpu9s,BTC2025_CROSS,16,4448,4448,1,dio_mcm_episode_1rxdw4p,dio_mcm_episode_1rxdw4p,zentrum_stabil,zentrum_stabil,zentrum_stabil,zentrum_stabil,0.709622,0.709622,0.674445,0.163963,0.163963,0.184488,0.2,0.2,0.466263,0.363917,0.363917,0.317619,0.112373,0.112373,0.267679
dio_mcm_episode_1hdpu9s,BTC2025_CROSS,17,8669,8671,3,dio_mcm_episode_0e7qvj1,dio_mcm_episode_0e7qvj1,zentrum_stabil,zentrum_stabil,zentrum_stabil,zentrum_stabil,0.740652,0.703246,0.698088,0.108267,0.173122,0.184609,0.049738,0.262723,0.345536,0.194823,0.384769,0.414356,0.038337,0.14431,0.20612
dio_mcm_episode_1hdpu9s,BTC2025_CROSS,18,8719,8721,3,dio_mcm_episode_0e7qvj1,dio_mcm_episode_0e7qvj1,zentrum_stabil,zentrum_stabil,offene_variante,zentrum_stabil,0.726018,0.644856,0.711638,0.14175,0.216791,0.169079,0.209277,0.541387,0.18748,0.229107,0.243429,0.417984,0.115278,0.3158,0.116509
dio_mcm_episode_1hdpu9s,BTC2025_CROSS,19,8728,8729,2,dio_mcm_episode_0e7qvj1,dio_mcm_episode_0e7qvj1,zentrum_stabil,zentrum_stabil,zentrum_stabil,offene_variante,0.723386,0.715445,0.681757,0.14229,0.150597,0.189812,0.27077,0.117483,0.313768,0.194581,0.426498,0.417952,0.151182,0.08382,0.175894
dio_mcm_episode_1hdpu9s,BTC2025_CROSS,20,8732,8755,24,dio_mcm_episode_0e7qvj1,dio_mcm_episode_0gqol8d,zentrum_stabil,zentrum_stabil,zentrum_stabil,zentrum_stabil,0.73535,0.70412,0.732634,0.114998,0.142927,0.132898,0.058703,0.052206,0.078529,0.201349,0.429068,0.324224,0.044458,0.0464,0.059885
dio_mcm_episode_1hdpu9s,BTC2025_CROSS,21,8760,8760,1,dio_mcm_episode_0gqol8d,dio_mcm_episode_0gqol8d,zentrum_stabil,zentrum_stabil,zentrum_stabil,zentrum_stabil,0.715827,0.715827,0.721734,0.116999,0.116999,0.156681,0.128511,0.128511,0.218711,0.173815,0.173815,0.31642,0.069619,0.069619,0.118675
dio_mcm_episode_1hdpu9s,BTC2025_CROSS,22,8763,8764,2,dio_mcm_episode_0gqol8d,dio_mcm_episode_0gqol8d,zentrum_stabil,zentrum_stabil,zentrum_stabil,zentrum_stabil,0.680502,0.726248,0.72427,0.188841,0.138116,0.144058,0.444746,0.230592,0.158976,0.327736,0.187126,0.328186,0.254825,0.129069,0.090615
dio_mcm_episode_1hdpu9s,BTC2025_CROSS,23,8866,8867,2,dio_mcm_episode_0e7qvj1,dio_mcm_episode_0e7qvj1,zentrum_stabil,zentrum_stabil,zentrum_stabil,offene_variante,0.730129,0.686505,0.686003,0.119084,0.16295,0.157781,0.092631,0.2834,0.107337,0.227747,0.334109,0.556637,0.066913,0.164019,0.08646
dio_mcm_episode_1hdpu9s,NEG_STRESS,1,590,592,3,dio_mcm_episode_0e7qvj1,dio_mcm_episode_1rxdw4p,zentrum_stabil,zentrum_stabil,zentrum_stabil,zentrum_stabil,0.719343,0.722459,0.704959,0.114057,0.15441,0.151706,0.061175,0.178686,0.292894,0.302413,0.307301,0.340314,0.044219,0.098006,0.166447
dio_mcm_episode_1hdpu9s,NEG_STRESS,2,594,598,5,dio_mcm_episode_1rxdw4p,dio_mcm_episode_1rxdw4p,zentrum_stabil,zentrum_stabil,zentrum_stabil,zentrum_stabil,0.728361,0.719603,0.65734,0.125846,0.145357,0.198652,0.065652,0.200313,0.52208,0.335934,0.281817,0.38726,0.046483,0.108897,0.297957
dio_mcm_episode_1hdpu9s,NEG_STRESS,3,610,610,1,dio_mcm_episode_1rxdw4p,dio_mcm_episode_1rxdw4p,zentrum_stabil,offene_variante,offene_variante,zentrum_stabil,0.690103,0.690103,0.721024,0.155996,0.155996,0.142718,0.14334,0.14334,0.227569,0.396655,0.396655,0.298056,0.089524,0.089524,0.123461
dio_mcm_episode_1hdpu9s,NEG_STRESS,4,722,722,1,dio_mcm_episode_0e7qvj1,dio_mcm_episode_0e7qvj1,zentrum_stabil,zentrum_stabil,zentrum_stabil,zentrum_stabil,0.708999,0.708999,0.641142,0.144971,0.144971,0.20076,0.186628,0.186628,0.337443,0.248336,0.248336,0.464758,0.101786,0.101786,0.191304
dio_mcm_episode_1hdpu9s,NEG_STRESS,5,725,727,3,dio_mcm_episode_0e7qvj1,dio_mcm_episode_0e7qvj1,zentrum_stabil,zentrum_stabil,zentrum_stabil,offene_variante,0.71999,0.688909,0.611133,0.150708,0.143473,0.244052,0.194013,0.223116,0.532143,0.363214,0.33998,0.411549,0.117616,0.134556,0.303051
dio_mcm_episode_1hdpu9s,NEG_STRESS,6,732,732,1,dio_mcm_episode_0e7qvj1,dio_mcm_episode_0e7qvj1,zentrum_stabil,zentrum_stabil,zentrum_stabil,offene_variante,0.730569,0.730569,0.607998,0.13502,0.13502,0.266177,0.106815,0.106815,0.729559,0.275317,0.275317,0.375822,0.063933,0.063933,0.42067
dio_mcm_episode_1hdpu9s,NEG_STRESS,7,871,979,109,dio_mcm_episode_0e7qvj1,dio_mcm_episode_0e7qvj1,zentrum_stabil,zentrum_stabil,offene_variante,offene_variante,0.707861,0.675294,0.680099,0.120417,0.180094,0.179739,0.184349,0.250542,0.237222,0.18324,0.497886,0.446565,0.100209,0.152692,0.138547
dio_mcm_episode_1hdpu9s,NEG_STRESS,8,981,997,17,dio_mcm_episode_0e7qvj1,dio_mcm_episode_0e7qvj1,offene_variante,zentrum_stabil,zentrum_stabil,offene_variante,0.728384,0.72372,0.632147,0.117099,0.117924,0.238078,0.066914,0.028667,0.539926,0.286754,0.333341,0.316743,0.046566,0.033731,0.306295
dio_mcm_episode_1hdpu9s,NEG_STRESS,9,1006,1007,2,dio_mcm_episode_0e7qvj1,dio_mcm_episode_0e7qvj1,zentrum_stabil,zentrum_stabil,zentrum_stabil,spannungsrand_kippnaehe,0.723479,0.729811,0.587389,0.116008,0.125629,0.281438,0.077928,0.066157,0.554439,0.253691,0.255611,0.59148,0.050294,0.044124,0.318096
dio_mcm_episode_1hdpu9s,NEG_STRESS,10,1094,1094,1,dio_mcm_episode_0e7qvj1,dio_mcm_episode_0e7qvj1,zentrum_stabil,zentrum_stabil,zentrum_stabil,zentrum_stabil,0.712732,0.712732,0.708174,0.143538,0.143538,0.14517,0.151117,0.151117,0.098141,0.209558,0.209558,0.403477,0.086308,0.086308,0.06762
dio_mcm_episode_1hdpu9s,NEG_STRESS,11,1104,1104,1,dio_mcm_episode_0e7qvj1,dio_mcm_episode_0e7qvj1,zentrum_stabil,zentrum_stabil,zentrum_stabil,zentrum_stabil,0.717184,0.717184,0.701776,0.131018,0.131018,0.176839,0.120405,0.120405,0.283811,0.234587,0.234587,0.250648,0.068847,0.068847,0.158297
dio_mcm_episode_1hdpu9s,NEG_STRESS,12,1111,1113,3,dio_mcm_episode_0e7qvj1,dio_mcm_episode_0e7qvj1,zentrum_stabil,zentrum_stabil,zentrum_stabil,offene_variante,0.724419,0.715466,0.601158,0.133903,0.140617,0.26504,0.157207,0.164355,0.55141,0.218676,0.201725,0.25992,0.086557,0.090725,0.314505
dio_mcm_episode_1hdpu9s,NEG_STRESS,13,1120,1122,3,dio_mcm_episode_0e7qvj1,dio_mcm_episode_0e7qvj1,zentrum_stabil,zentrum_stabil,zentrum_stabil,offene_variante,0.719447,0.723594,0.671681,0.10695,0.135348,0.19509,0.087304,0.146299,0.360153,0.203091,0.320922,0.318773,0.052552,0.087412,0.19791
dio_mcm_episode_1hdpu9s,NEG_STRESS,14,1124,1126,3,dio_mcm_episode_0e7qvj1,dio_mcm_episode_0e7qvj1,offene_variante,zentrum_stabil,offene_variante,offene_variante,0.726169,0.600455,0.613403,0.119102,0.272844,0.240039,0.094262,0.637144,0.438525,0.199647,0.255136,0.26354,0.062298,0.364807,0.244196
dio_mcm_episode_1hdpu9s,NEG_STRESS,15,1261,1269,9,dio_mcm_episode_0e7qvj1,dio_mcm_episode_0e7qvj1,zentrum_stabil,zentrum_stabil,zentrum_stabil,offene_variante,0.704768,0.702687,0.681032,0.140758,0.147541,0.177882,0.196605,0.222238,0.217561,0.263108,0.229566,0.489697,0.10781,0.123228,0.128917
dio_mcm_episode_1hdpu9s,NEG_STRESS,16,5170,5216,47,dio_mcm_episode_0e7qvj1,dio_mcm_episode_0e7qvj1,zentrum_stabil,zentrum_stabil,zentrum_stabil,spannungsrand_kippnaehe,0.733071,0.72511,0.581423,0.126296,0.154251,0.291232,0.180764,0.174574,0.684196,0.257405,0.26548,0.5764,0.099041,0.095917,0.400544
dio_mcm_episode_1hdpu9s,NEG_STRESS,17,5221,5228,8,dio_mcm_episode_0e7qvj1,dio_mcm_episode_0e7qvj1,zentrum_stabil,zentrum_stabil,zentrum_stabil,offene_variante,0.727686,0.676571,0.691723,0.141302,0.174741,0.169517,0.207926,0.399929,0.105137,0.247371,0.21975,0.499116,0.112748,0.221389,0.078613
dio_mcm_episode_1hdpu9s,NEG_STRESS,18,5237,5237,1,dio_mcm_episode_0e7qvj1,dio_mcm_episode_0e7qvj1,zentrum_stabil,zentrum_stabil,zentrum_stabil,spannungsrand_kippnaehe,0.724109,0.724109,0.567588,0.12032,0.12032,0.316842,0.160772,0.160772,0.852469,0.269898,0.269898,0.606904,0.094664,0.094664,0.485506
dio_mcm_episode_1hdpu9s,NEG_STRESS,19,5447,5473,27,dio_mcm_episode_0gqol8d,dio_mcm_episode_0gqol8d,zentrum_stabil,offene_variante,zentrum_stabil,zentrum_stabil,0.612313,0.702054,0.729367,0.26643,0.178249,0.130069,0.67324,0.312815,0.035325,0.254087,0.381853,0.347187,0.386476,0.187703,0.043212
dio_mcm_episode_1hdpu9s,NEG_STRESS,20,5476,5476,1,dio_mcm_episode_0gqol8d,dio_mcm_episode_0gqol8d,zentrum_stabil,zentrum_stabil,zentrum_stabil,zentrum_stabil,0.701526,0.701526,0.73997,0.159148,0.159148,0.106881,0.273941,0.273941,0.028937,0.191338,0.191338,0.192373,0.154827,0.154827,0.024295
dio_mcm_episode_1hdpu9s,NEG_STRESS,21,5478,5490,13,dio_mcm_episode_0gqol8d,dio_mcm_episode_0gqol8d,zentrum_stabil,zentrum_stabil,zentrum_stabil,zentrum_stabil,0.684038,0.709924,0.739032,0.168178,0.172621,0.113271,0.370297,0.247194,0.09532,0.208215,0.2476,0.198084,0.212996,0.135782,0.057747
dio_mcm_episode_1hdpu9s,NEG_STRESS,22,5528,5559,32,dio_mcm_episode_0gqol8d,dio_mcm_episode_0e7qvj1,offene_variante,offene_variante,offene_variante,offene_variante,0.61027,0.620847,0.691531,0.238381,0.236638,0.181824,0.28402,0.585589,0.291093,0.530317,0.567899,0.35315,0.169467,0.330908,0.161823
dio_mcm_episode_1hdpu9s,NEG_STRESS,23,6346,6362,17,dio_mcm_episode_0e7qvj1,dio_mcm_episode_0dbqs19,zentrum_stabil,zentrum_stabil,zentrum_stabil,spannungsrand_kippnaehe,0.725136,0.715096,0.546669,0.137777,0.145447,0.355147,0.150204,0.112053,0.944847,0.307605,0.391264,0.436407,0.084664,0.072594,0.533407
dio_mcm_episode_1hdpu9s,NEG_STRESS,24,6430,6448,19,dio_mcm_episode_0e7qvj1,dio_mcm_episode_0e7qvj1,zentrum_stabil,zentrum_stabil,offene_variante,zentrum_stabil,0.757134,0.68037,0.678572,0.134789,0.193504,0.194793,0.058605,0.369383,0.412187,0.337448,0.303203,0.303825,0.052567,0.203255,0.233572
dio_mcm_episode_1hdpu9s,NEG_STRESS,25,6459,6494,36,dio_mcm_episode_0e7qvj1,dio_mcm_episode_1rxdw4p,zentrum_stabil,zentrum_stabil,zentrum_stabil,zentrum_stabil,0.731284,0.74059,0.718536,0.132963,0.109015,0.146096,0.108774,0.055817,0.217731,0.248584,0.165784,0.208611,0.063114,0.035055,0.121198
dio_mcm_episode_1hdpu9s,NEG_STRESS,26,6674,6674,1,dio_mcm_episode_0nyb3ro,dio_mcm_episode_0nyb3ro,offene_variante,offene_variante,offene_variante,zentrum_stabil,0.701549,0.701549,0.717186,0.164512,0.164512,0.156986,0.199039,0.199039,0.252491,0.402929,0.402929,0.354932,0.115956,0.115956,0.1527
dio_mcm_episode_1hdpu9s,NEG_STRESS,27,6689,6704,16,dio_mcm_episode_1rxdw4p,dio_mcm_episode_0nyb3ro,offene_variante,offene_variante,zentrum_stabil,zentrum_stabil,0.693117,0.714242,0.72312,0.159819,0.151841,0.134681,0.067574,0.215659,0.237307,0.503349,0.221528,0.202501,0.060927,0.118938,0.129241
dio_mcm_episode_1hdpu9s,NEG_STRESS,28,6707,6734,28,dio_mcm_episode_0nyb3ro,dio_mcm_episode_0gqol8d,zentrum_stabil,spannungsrand_kippnaehe,zentrum_stabil,zentrum_stabil,0.602424,0.703903,0.725964,0.283105,0.165898,0.148552,0.758964,0.140698,0.185622,0.294495,0.497958,0.335279,0.432237,0.103032,0.107225
dio_mcm_episode_1hdpu9s,NEG_STRESS,29,6736,6785,50,dio_mcm_episode_0gqol8d,dio_mcm_episode_0gqol8d,zentrum_stabil,zentrum_stabil,zentrum_stabil,zentrum_stabil,0.673926,0.722191,0.729711,0.186919,0.150707,0.135949,0.448814,0.190596,0.159591,0.497738,0.332493,0.177838,0.263033,0.112865,0.086615
dio_mcm_episode_1hdpu9s,NEG_STRESS,30,6792,6792,1,dio_mcm_episode_0gqol8d,dio_mcm_episode_0gqol8d,offene_variante,zentrum_stabil,zentrum_stabil,zentrum_stabil,0.694545,0.694545,0.729589,0.167044,0.167044,0.135345,0.331057,0.331057,0.080563,0.382351,0.382351,0.322858,0.182862,0.182862,0.056199
dio_mcm_episode_1hdpu9s,NEG_STRESS,31,6933,7049,117,dio_mcm_episode_0e7qvj1,dio_mcm_episode_0gqol8d,zentrum_stabil,zentrum_stabil,zentrum_stabil,zentrum_stabil,0.733892,0.731854,0.735277,0.127315,0.147537,0.128684,0.109949,0.137749,0.052085,0.191772,0.316836,0.333569,0.061631,0.084882,0.044613
dio_mcm_episode_1hdpu9s,NEG_STRESS,32,7963,7963,1,dio_mcm_episode_1rxdw4p,dio_mcm_episode_1rxdw4p,zentrum_stabil,zentrum_stabil,zentrum_stabil,zentrum_stabil,0.720953,0.720953,0.739125,0.158316,0.158316,0.108398,0.201873,0.201873,0.12029,0.363469,0.363469,0.180445,0.117407,0.117407,0.067848
dio_mcm_episode_1hdpu9s,NEG_STRESS,33,7965,7976,12,dio_mcm_episode_1rxdw4p,dio_mcm_episode_1rxdw4p,zentrum_stabil,offene_variante,zentrum_stabil,zentrum_stabil,0.697442,0.734688,0.724949,0.170783,0.125226,0.139636,0.212404,0.102542,0.249486,0.464207,0.32202,0.297072,0.133481,0.063343,0.13569
dio_mcm_episode_1hdpu9s,NEG_STRESS,34,7978,7983,6,dio_mcm_episode_1rxdw4p,dio_mcm_episode_1rxdw4p,zentrum_stabil,offene_variante,zentrum_stabil,zentrum_stabil,0.653385,0.725793,0.717602,0.214147,0.14358,0.149752,0.409341,0.245226,0.23547,0.558359,0.257915,0.325165,0.229387,0.134798,0.136188
dio_mcm_episode_1hdpu9s,NEG_STRESS,35,7985,7990,6,dio_mcm_episode_1rxdw4p,dio_mcm_episode_1rxdw4p,zentrum_stabil,zentrum_stabil,zentrum_stabil,offene_variante,0.718813,0.694071,0.648804,0.16066,0.187195,0.221024,0.15358,0.37772,0.566748,0.371319,0.341432,0.297146,0.099018,0.215073,0.322602
dio_mcm_episode_1hdpu9s,NEG_STRESS,36,7992,7992,1,dio_mcm_episode_1rxdw4p,dio_mcm_episode_1rxdw4p,offene_variante,offene_variante,offene_variante,zentrum_stabil,0.655051,0.655051,0.713268,0.219877,0.219877,0.127599,0.489869,0.489869,0.187193,0.309045,0.309045,0.186768,0.274334,0.274334,0.103157
dio_mcm_episode_1hdpu9s,NEG_STRESS,37,7996,7999,4,dio_mcm_episode_1rxdw4p,dio_mcm_episode_1rxdw4p,offene_variante,offene_variante,zentrum_stabil,zentrum_stabil,0.678194,0.725932,0.680183,0.196666,0.127918,0.178438,0.287068,0.221011,0.41871,0.542507,0.19663,0.216946,0.169846,0.120179,0.242576
dio_mcm_episode_1hdpu9s,POS_STRESS,1,83,114,32,dio_mcm_episode_0e7qvj1,dio_mcm_episode_0e7qvj1,zentrum_stabil,zentrum_stabil,zentrum_stabil,zentrum_stabil,0.688748,0.695827,0.64916,0.136354,0.168405,0.184934,0.126116,0.288376,0.190027,0.175272,0.394937,0.447089,0.068346,0.168884,0.123527
dio_mcm_episode_1hdpu9s,POS_STRESS,2,116,134,19,dio_mcm_episode_0e7qvj1,dio_mcm_episode_0e7qvj1,zentrum_stabil,zentrum_stabil,zentrum_stabil,offene_variante,0.697634,0.683137,0.595896,0.131366,0.154482,0.274461,0.13792,0.239161,0.619253,0.25009,0.23593,0.257736,0.077424,0.132755,0.356494
dio_mcm_episode_1hdpu9s,POS_STRESS,3,137,801,665,dio_mcm_episode_0e7qvj1,dio_mcm_episode_1rxdw4p,zentrum_stabil,zentrum_stabil,zentrum_stabil,zentrum_stabil,0.706916,0.708962,0.72193,0.134095,0.163198,0.139257,0.166671,0.289929,0.172101,0.285206,0.355677,0.235068,0.096316,0.165792,0.094402
dio_mcm_episode_1hdpu9s,POS_STRESS,4,805,807,3,dio_mcm_episode_1rxdw4p,dio_mcm_episode_1rxdw4p,zentrum_stabil,zentrum_stabil,zentrum_stabil,zentrum_stabil,0.707748,0.719796,0.723721,0.14108,0.139772,0.119596,0.099895,0.138003,0.139872,0.39426,0.351997,0.226088,0.074555,0.089028,0.077048
dio_mcm_episode_1hdpu9s,POS_STRESS,5,811,811,1,dio_mcm_episode_1rxdw4p,dio_mcm_episode_1rxdw4p,zentrum_stabil,zentrum_stabil,zentrum_stabil,zentrum_stabil,0.724055,0.724055,0.687052,0.149384,0.149384,0.149957,0.106425,0.106425,0.323476,0.360255,0.360255,0.26947,0.068873,0.068873,0.183378
dio_mcm_episode_1hdpu9s,POS_STRESS,6,1895,1895,1,dio_mcm_episode_0e7qvj1,dio_mcm_episode_0e7qvj1,zentrum_stabil,zentrum_stabil,zentrum_stabil,offene_variante,0.703498,0.703498,0.598776,0.130404,0.130404,0.276156,0.184877,0.184877,0.648662,0.223031,0.223031,0.267262,0.100581,0.100581,0.370787
dio_mcm_episode_1hdpu9s,POS_STRESS,7,1899,1899,1,dio_mcm_episode_0e7qvj1,dio_mcm_episode_0e7qvj1,zentrum_stabil,zentrum_stabil,zentrum_stabil,offene_variante,0.712389,0.712389,0.65785,0.114137,0.114137,0.194061,0.100512,0.100512,0.224896,0.201161,0.201161,0.43131,0.07011,0.07011,0.136128
dio_mcm_episode_1hdpu9s,POS_STRESS,8,1908,1908,1,dio_mcm_episode_0e7qvj1,dio_mcm_episode_0e7qvj1,zentrum_stabil,zentrum_stabil,zentrum_stabil,zentrum_stabil,0.724773,0.724773,0.693053,0.132476,0.132476,0.185841,0.186109,0.186109,0.371946,0.283697,0.283697,0.418418,0.101537,0.101537,0.205438
dio_mcm_episode_1hdpu9s,POS_STRESS,9,1910,1910,1,dio_mcm_episode_0e7qvj1,dio_mcm_episode_0e7qvj1,zentrum_stabil,zentrum_stabil,zentrum_stabil,zentrum_stabil,0.692623,0.692623,0.691686,0.162412,0.162412,0.161656,0.366411,0.366411,0.159146,0.314935,0.314935,0.518087,0.203344,0.203344,0.110378
dio_mcm_episode_1hdpu9s,POS_STRESS,10,2987,3065,79,dio_mcm_episode_0e7qvj1,dio_mcm_episode_0e7qvj1,zentrum_stabil,zentrum_stabil,zentrum_stabil,offene_variante,0.73844,0.691469,0.637044,0.102576,0.158957,0.231511,0.022791,0.317117,0.538317,0.210795,0.3441,0.449111,0.023562,0.186946,0.303171
dio_mcm_episode_1hdpu9s,POS_STRESS,11,3231,3271,41,dio_mcm_episode_0e7qvj1,dio_mcm_episode_0e7qvj1,zentrum_stabil,zentrum_stabil,spannungsrand_kippnaehe,offene_variante,0.733571,0.572789,0.658698,0.120179,0.306938,0.194403,0.085087,0.715654,0.416032,0.211755,0.274643,0.445066,0.050168,0.408032,0.227336
dio_mcm_episode_1hdpu9s,POS_STRESS,12,3274,3274,1,dio_mcm_episode_0e7qvj1,dio_mcm_episode_0e7qvj1,zentrum_stabil,zentrum_stabil,zentrum_stabil,offene_variante,0.709862,0.709862,0.694023,0.124227,0.124227,0.168735,0.175189,0.175189,0.231323,0.249544,0.249544,0.440297,0.100233,0.100233,0.136744
dio_mcm_episode_1hdpu9s,POS_STRESS,13,3276,3277,2,dio_mcm_episode_0e7qvj1,dio_mcm_episode_0e7qvj1,offene_variante,zentrum_stabil,zentrum_stabil,offene_variante,0.73346,0.731836,0.688173,0.126464,0.114815,0.185487,0.107363,0.02341,0.294573,0.340174,0.287893,0.455586,0.069727,0.026089,0.164586
dio_mcm_episode_1hdpu9s,POS_STRESS,14,3280,3280,1,dio_mcm_episode_0e7qvj1,dio_mcm_episode_0e7qvj1,zentrum_stabil,zentrum_stabil,zentrum_stabil,offene_variante,0.736993,0.736993,0.735693,0.123604,0.123604,0.144806,0.125329,0.125329,0.005345,0.235861,0.235861,0.393201,0.073609,0.073609,0.024472
dio_mcm_episode_1hdpu9s,POS_STRESS,15,3286,3293,8,dio_mcm_episode_0e7qvj1,dio_mcm_episode_0e7qvj1,zentrum_stabil,zentrum_stabil,zentrum_stabil,zentrum_stabil,0.731344,0.694669,0.698528,0.137155,0.154029,0.179466,0.118967,0.148608,0.371491,0.195864,0.430466,0.402179,0.06821,0.093816,0.218722
dio_mcm_episode_1hdpu9s,POS_STRESS,16,3300,3300,1,dio_mcm_episode_0e7qvj1,dio_mcm_episode_0e7qvj1,zentrum_stabil,zentrum_stabil,zentrum_stabil,zentrum_stabil,0.727609,0.727609,0.70917,0.132029,0.132029,0.160726,0.073812,0.073812,0.302993,0.352867,0.352867,0.424084,0.058351,0.058351,0.174995
dio_mcm_episode_1hdpu9s,POS_STRESS,17,3303,3303,1,dio_mcm_episode_0e7qvj1,dio_mcm_episode_0e7qvj1,zentrum_stabil,zentrum_stabil,zentrum_stabil,zentrum_stabil,0.725647,0.725647,0.70734,0.140689,0.140689,0.153587,0.181438,0.181438,0.173559,0.349172,0.349172,0.486122,0.102776,0.102776,0.116655
dio_mcm_episode_1hdpu9s,POS_STRESS,18,3305,3308,4,dio_mcm_episode_0e7qvj1,dio_mcm_episode_0e7qvj1,zentrum_stabil,zentrum_stabil,zentrum_stabil,offene_variante,0.73451,0.707676,0.683117,0.121469,0.137929,0.180437,0.080543,0.157602,0.216299,0.305044,0.457598,0.532955,0.053396,0.10507,0.139895
dio_mcm_episode_1hdpu9s,POS_STRESS,19,3310,3310,1,dio_mcm_episode_0e7qvj1,dio_mcm_episode_0e7qvj1,offene_variante,zentrum_stabil,zentrum_stabil,offene_variante,0.702745,0.702745,0.606449,0.145559,0.145559,0.273966,0.262817,0.262817,0.649222,0.351874,0.351874,0.413205,0.143179,0.143179,0.366413
dio_mcm_episode_1hdpu9s,POS_STRESS,20,4463,4465,3,dio_mcm_episode_1rxdw4p,dio_mcm_episode_0e7qvj1,zentrum_stabil,zentrum_stabil,zentrum_stabil,offene_variante,0.704621,0.716494,0.669229,0.13395,0.14913,0.19298,0.0576,0.187038,0.349276,0.479984,0.442811,0.397965,0.062178,0.11956,0.188726
dio_mcm_episode_1hdpu9s,POS_STRESS,21,4471,4471,1,dio_mcm_episode_0e7qvj1,dio_mcm_episode_0e7qvj1,zentrum_stabil,zentrum_stabil,zentrum_stabil,zentrum_stabil,0.723922,0.723922,0.688851,0.150609,0.150609,0.183688,0.173749,0.173749,0.327084,0.30804,0.30804,0.436226,0.09628,0.09628,0.192395
dio_mcm_episode_1hdpu9s,POS_STRESS,22,4926,4926,1,dio_mcm_episode_0e7qvj1,dio_mcm_episode_0e7qvj1,zentrum_stabil,zentrum_stabil,zentrum_stabil,offene_variante,0.733599,0.733599,0.670703,0.114341,0.114341,0.203909,0.104208,0.104208,0.48661,0.228004,0.228004,0.325541,0.059063,0.059063,0.278589
dio_mcm_episode_1hdpu9s,POS_STRESS,23,4930,5077,148,dio_mcm_episode_0e7qvj1,dio_mcm_episode_0e7qvj1,zentrum_stabil,zentrum_stabil,offene_variante,offene_variante,0.728698,0.67887,0.683499,0.12389,0.188931,0.201391,0.054274,0.359297,0.423078,0.344067,0.395533,0.413883,0.046297,0.202144,0.23554
dio_mcm_episode_1hdpu9s,POS_STRESS,24,5086,5180,95,dio_mcm_episode_0e7qvj1,dio_mcm_episode_0e7qvj1,zentrum_stabil,zentrum_stabil,zentrum_stabil,offene_variante,0.723231,0.712339,0.607927,0.1399,0.11127,0.250524,0.230669,0.082146,0.495293,0.251439,0.217187,0.674065,0.128472,0.060016,0.279998
dio_mcm_episode_1hdpu9s,SIDEWAYS,1,306,308,3,dio_mcm_episode_1bcj8qx,dio_mcm_episode_1q3us3f,zentrum_stabil,zentrum_stabil,offene_variante,zentrum_stabil,0.715267,0.67371,0.713872,0.133532,0.157041,0.108844,0.140495,0.115146,0.052922,0.291564,0.472117,0.30181,0.084106,0.080217,0.043276
dio_mcm_episode_1hdpu9s,SIDEWAYS,2,317,319,3,dio_mcm_episode_0e7qvj1,dio_mcm_episode_0e7qvj1,zentrum_stabil,zentrum_stabil,zentrum_stabil,offene_variante,0.701349,0.685956,0.601466,0.15311,0.14559,0.259783,0.248158,0.229867,0.541673,0.315199,0.398881,0.450468,0.134091,0.138653,0.305471
dio_mcm_episode_1hdpu9s,SIDEWAYS,3,2710,2713,4,dio_mcm_episode_0e7qvj1,dio_mcm_episode_0e7qvj1,zentrum_stabil,zentrum_stabil,zentrum_stabil,offene_variante,0.721873,0.727487,0.666156,0.144517,0.131974,0.210271,0.236453,0.137515,0.415285,0.265104,0.345633,0.455432,0.127939,0.083437,0.238225
dio_mcm_episode_1hdpu9s,SIDEWAYS,4,2716,2721,6,dio_mcm_episode_0e7qvj1,dio_mcm_episode_0e7qvj1,zentrum_stabil,zentrum_stabil,zentrum_stabil,zentrum_stabil,0.713667,0.718143,0.678694,0.126245,0.15942,0.18296,0.069205,0.144493,0.386925,0.378116,0.405554,0.359697,0.060295,0.098565,0.222312
dio_mcm_episode_1hdpu9s,SIDEWAYS,5,2723,2723,1,dio_mcm_episode_0e7qvj1,dio_mcm_episode_0e7qvj1,zentrum_stabil,zentrum_stabil,zentrum_stabil,offene_variante,0.726533,0.726533,0.603725,0.140494,0.140494,0.260746,0.161923,0.161923,0.552452,0.306015,0.306015,0.277367,0.09107,0.09107,0.315746
dio_mcm_episode_1hdpu9s,SIDEWAYS,6,3722,3722,1,dio_mcm_episode_1rxdw4p,dio_mcm_episode_1rxdw4p,zentrum_stabil,zentrum_stabil,zentrum_stabil,zentrum_stabil,0.736181,0.736181,0.725315,0.120224,0.120224,0.138231,0.042116,0.042116,0.193899,0.345107,0.345107,0.338538,0.045695,0.045695,0.107599
dio_mcm_episode_1hdpu9s,SIDEWAYS,7,3727,3727,1,dio_mcm_episode_0gqol8d,dio_mcm_episode_1rxdw4p,zentrum_stabil,zentrum_stabil,zentrum_stabil,zentrum_stabil,0.666462,0.666462,0.722604,0.186997,0.186997,0.138379,0.440628,0.440628,0.214698,0.25901,0.25901,0.219285,0.254039,0.254039,0.118218
dio_mcm_episode_1hdpu9s,SIDEWAYS,8,3750,3750,1,dio_mcm_episode_1rxdw4p,dio_mcm_episode_1rxdw4p,zentrum_stabil,zentrum_stabil,zentrum_stabil,zentrum_stabil,0.723416,0.723416,0.667838,0.153091,0.153091,0.1912,0.149471,0.149471,0.496281,0.270056,0.270056,0.364645,0.084599,0.084599,0.282499
dio_mcm_episode_1hdpu9s,SIDEWAYS,9,3752,3752,1,dio_mcm_episode_1rxdw4p,dio_mcm_episode_1rxdw4p,zentrum_stabil,offene_variante,offene_variante,zentrum_stabil,0.690073,0.690073,0.707265,0.177778,0.177778,0.166739,0.24484,0.24484,0.318399,0.463784,0.463784,0.375746,0.145778,0.145778,0.187532
dio_mcm_episode_1hdpu9s,SIDEWAYS,10,3755,3757,3,dio_mcm_episode_1rxdw4p,dio_mcm_episode_1rxdw4p,zentrum_stabil,zentrum_stabil,zentrum_stabil,zentrum_stabil,0.711347,0.704506,0.733034,0.166635,0.167332,0.123355,0.177307,0.309912,0.118723,0.399661,0.400383,0.253704,0.103433,0.186522,0.068315
dio_mcm_episode_1hdpu9s,SIDEWAYS,11,3897,3945,49,dio_mcm_episode_0gqol8d,dio_mcm_episode_0e7qvj1,offene_variante,zentrum_stabil,offene_variante,offene_variante,0.690081,0.698661,0.650247,0.161605,0.17406,0.20798,0.319674,0.182862,0.338655,0.483289,0.492923,0.467843,0.178045,0.122836,0.190105
dio_mcm_episode_1hdpu9s,SIDEWAYS,12,4031,4042,12,dio_mcm_episode_0e7qvj1,dio_mcm_episode_0e7qvj1,zentrum_stabil,zentrum_stabil,zentrum_stabil,offene_variante,0.740296,0.710345,0.636343,0.11504,0.172359,0.209402,0.122842,0.308208,0.316947,0.232938,0.235251,0.479554,0.071673,0.173297,0.180805
dio_mcm_episode_1hdpu9s,SIDEWAYS,13,4046,4057,12,dio_mcm_episode_0e7qvj1,dio_mcm_episode_0e7qvj1,zentrum_stabil,zentrum_stabil,offene_variante,zentrum_stabil,0.732817,0.687856,0.712745,0.109264,0.183874,0.152817,0.101734,0.286857,0.088841,0.192858,0.413888,0.446903,0.059888,0.160184,0.073738
dio_mcm_episode_1hdpu9s,SIDEWAYS,14,4059,4108,50,dio_mcm_episode_0e7qvj1,dio_mcm_episode_0e7qvj1,zentrum_stabil,zentrum_stabil,zentrum_stabil,zentrum_stabil,0.734233,0.711461,0.702208,0.112451,0.170696,0.170089,0.050306,0.185465,0.28053,0.32904,0.375014,0.411767,0.047482,0.111584,0.16583
dio_mcm_episode_1hdpu9s,SIDEWAYS,15,4110,4151,42,dio_mcm_episode_0e7qvj1,dio_mcm_episode_0e7qvj1,zentrum_stabil,zentrum_stabil,zentrum_stabil,zentrum_stabil,0.725366,0.718032,0.708145,0.148792,0.132155,0.167567,0.245892,0.040833,0.221796,0.280623,0.385877,0.385312,0.135174,0.037911,0.124183
dio_mcm_episode_1hdpu9s,SIDEWAYS,16,4155,4161,7,dio_mcm_episode_0e7qvj1,dio_mcm_episode_0e7qvj1,zentrum_stabil,zentrum_stabil,offene_variante,zentrum_stabil,0.731271,0.650183,0.719396,0.133816,0.216336,0.1585,0.131948,0.573405,0.183932,0.299609,0.388455,0.303591,0.075911,0.324303,0.101881
dio_mcm_episode_1hdpu9s,SIDEWAYS,17,4164,4232,69,dio_mcm_episode_0e7qvj1,dio_mcm_episode_19a388p,zentrum_stabil,zentrum_stabil,zentrum_stabil,spannungsrand_kippnaehe,0.736593,0.663162,0.529093,0.107156,0.196841,0.375318,0.022672,0.507923,0.951906,0.204838,0.236061,0.372057,0.025161,0.295205,0.545394
dio_mcm_episode_1hdpu9s,SIDEWAYS,18,4643,4643,1,dio_mcm_episode_14l8khu,dio_mcm_episode_1q3us3f,zentrum_stabil,zentrum_stabil,zentrum_stabil,zentrum_stabil,0.682661,0.682661,0.716333,0.179461,0.179461,0.145434,0.421199,0.421199,0.221241,0.338815,0.338815,0.321592,0.239596,0.239596,0.128246
dio_mcm_episode_1hdpu9s,SIDEWAYS,19,4645,4647,3,dio_mcm_episode_1q3us3f,dio_mcm_episode_0gqol8d,zentrum_stabil,zentrum_stabil,zentrum_stabil,zentrum_stabil,0.711448,0.720635,0.719802,0.165864,0.153375,0.143851,0.212525,0.226676,0.203544,0.40179,0.361323,0.329233,0.130346,0.139044,0.120568
dio_mcm_episode_1hdpu9s,SIDEWAYS,20,4664,4665,2,dio_mcm_episode_1rxdw4p,dio_mcm_episode_1q3us3f,zentrum_stabil,zentrum_stabil,zentrum_stabil,zentrum_stabil,0.714643,0.734593,0.733112,0.137188,0.124663,0.115027,0.017682,0.005231,0.03094,0.435621,0.333504,0.340125,0.033579,0.025408,0.034631
dio_mcm_episode_1hdpu9s,SIDEWAYS,21,4764,4784,21,dio_mcm_episode_1q3us3f,dio_mcm_episode_0e7qvj1,offene_variante,zentrum_stabil,zentrum_stabil,zentrum_stabil,0.699691,0.701806,0.717407,0.156425,0.164102,0.146368,0.299809,0.235726,0.099161,0.355738,0.449645,0.408841,0.167557,0.144616,0.077351
dio_mcm_episode_1hdpu9s,SIDEWAYS,22,4786,4794,9,dio_mcm_episode_0e7qvj1,dio_mcm_episode_0e7qvj1,zentrum_stabil,zentrum_stabil,zentrum_stabil,offene_variante,0.718011,0.695737,0.670896,0.157101,0.165849,0.185478,0.246339,0.321982,0.322482,0.316064,0.374544,0.342393,0.135015,0.17715,0.175764
dio_mcm_episode_1hdpu9s,SIDEWAYS,23,4796,4797,2,dio_mcm_episode_0e7qvj1,dio_mcm_episode_0e7qvj1,offene_variante,zentrum_stabil,zentrum_stabil,offene_variante,0.714354,0.718759,0.604941,0.11475,0.145126,0.276475,0.080427,0.196248,0.669062,0.310597,0.215279,0.280253,0.057905,0.113097,0.379856
